,Name,epoch,_runtime,test_loss,test_accuracy,expected_gradient_norm,fraction_single_pixel_polygons,smoothness_squared_penalty_per_polygon,num_polygons,train_accuracy,total_num_interpolations,smoothness_squared_penalty,_wandb,val_loss,_timestamp,train_loss,val_accuracy,trainer/global_step,fraction_polygons_counted,_step,smoothness_penalty,smoothness_penalty_per_polygon,cpu,group,aa-seed,aa_seed,dropout,batch-norm,batch-size,batch_norm,batch_size,max-epochs,max_epochs,model_name,log-results,log_results,plot_polygons,model_save_dir,num-hidden-layers,num_hidden_layers,num-interpolations,num_interpolations,hidden_group_channels,full-conv-hidden-channels,full_conv_hidden_channels,sanity_check_equivariance
0,group=trivial-full_conv_hc=49-bn=True-drop=0.0-seed16,35,2052.0207283496857,0.20394320785999295,0.934499979019165,16.913428226562495,0.04800142398755293,0.1199957711278884,141283.0,0.9404296875,7500000.0,17426.822801515667,{'runtime': 2050},0.19018226861953735,1709183949.0446262,0.17525705695152283,0.9400189518928528,1680,0.018837733333333335,1724,10881.622529544402,0.07622623596976093,False,trivial,16,16,0,True,1024,True,1024,-1,-1,group=trivial-full_conv_hc=49-bn=True-drop=0.0-seed16,True,True,False,,5,5,750000,750000,2401,49,49,False
1,group=translate_HW-full_conv_hc=3-bn=True-drop=0.0-seed13,43,957.2945716381072,0.20117716491222384,0.940400004386902,16.25961613496094,0.03759667492689743,6.242410520738484,11920.0,0.966796875,7500000.0,66937.20530555595,{'runtime': 956},0.1964236944913864,1709181880.2320666,0.11140681058168413,0.9584798216819764,2064,0.0015893333333333332,2116,16469.476521549397,1.411071548264984,False,translate_HW,13,13,0,True,1024,True,1024,-1,-1,group=translate_HW-full_conv_hc=3-bn=True-drop=0.0-seed13,True,True,False,,5,5,750000,750000,147,3,3,False
2,group=translate_H-full_conv_hc=3-bn=True-drop=0.0-seed11,41,808.0059504508972,0.23475299775600433,0.9265000224113464,13.247352931477868,0.03506736665001625,2.9579982830438336,10477.0,0.943359375,7500000.0,29638.732942698116,{'runtime': 806},0.23489081859588623,1709180905.7364194,0.20453539490699768,0.935724914073944,1968,0.001396933333333333,2018,10642.624415186869,1.0370390366885212,False,translate_H,11,11,0,True,1024,True,1024,-1,-1,group=translate_H-full_conv_hc=3-bn=True-drop=0.0-seed11,True,True,False,,5,5,750000,750000,147,3,3,False
3,group=trivial-full_conv_hc=3-bn=True-drop=0.0-seed11,31,621.626062631607,0.3192428648471832,0.8970999717712402,12.747966505794272,0.04550227197360855,3.842852879246635,2359.0,0.912109375,7500000.0,9150.339146863353,{'runtime': 620},0.3238092064857483,1709180548.8388326,0.26343369483947754,0.906765639781952,1488,0.00031453333333333335,1529,2020.8233514300068,0.843031031419241,False,trivial,11,11,0,True,1024,True,1024,-1,-1,group=trivial-full_conv_hc=3-bn=True-drop=0.0-seed11,True,True,False,,5,5,750000,750000,147,3,3,False
4,group=translate_HW-full_conv_hc=1-bn=True-drop=0.0-seed11,93,1125.9258801937103,0.31626540422439575,0.9047999978065492,15.157809086588545,0.057065023846026866,22.46557053193073,560.0,0.90625,7500000.0,12913.971312980022,{'runtime': 1124},0.3193131983280182,1709179907.998788,0.2915072441101074,0.9064444303512572,4464,7.466666666666667e-05,4567,1698.2661609486677,2.9823679590091325,False,translate_HW,11,11,0,True,1024,True,1024,-1,-1,group=translate_HW-full_conv_hc=1-bn=True-drop=0.0-seed11,True,True,False,,5,5,750000,750000,49,1,1,False
5,group=translate_H-full_conv_hc=1-bn=True-drop=0.0-seed11,53,797.1301941871643,0.5338078141212463,0.8307999968528748,11.42633408688151,0.031098234475051372,14.335314222994285,696.0,0.8369140625,7500000.0,10602.95974974592,{'runtime': 796},0.5470282435417175,1709178766.3397102,0.5173035264015198,0.8335305452346802,2544,9.28e-05,2607,1527.1156728869537,2.145142030194849,False,translate_H,11,11,0,True,1024,True,1024,-1,-1,group=translate_H-full_conv_hc=1-bn=True-drop=0.0-seed11,True,True,False,,5,5,750000,750000,49,1,1,False
6,group=trivial-full_conv_hc=1-bn=True-drop=0.0-seed11,36,595.093626499176,0.5171186923980713,0.8274000287055969,13.658122976595052,0.05076603090223684,13.074680770134588,840.0,0.845703125,7500000.0,10997.76500914489,{'runtime': 593},0.5276899933815002,1709177952.5824184,0.4725140631198883,0.8371821641921997,1728,0.00011199999999999998,1774,1601.4709715317003,1.8824259061700197,False,trivial,11,11,0,True,1024,True,1024,-1,-1,group=trivial-full_conv_hc=1-bn=True-drop=0.0-seed11,True,True,False,,5,5,750000,750000,49,1,1,False
7,group=translate_HW-full_conv_hc=49-bn=True-drop=0.0-seed10,20,6010.377455472946,0.15246646106243134,0.9627000093460084,23.76787964251302,0.0545999007035982,0.5543493717486048,197168.0,0.9970703125,7500000.0,106534.2253764279,{'runtime': 6008},0.13375332951545715,1709180077.6295714,0.010341978631913662,0.9911752939224244,960,0.026289066666666663,989,42897.19184292713,0.21708564932065028,False,translate_HW,10,10,0,True,1024,True,1024,-1,-1,group=translate_HW-full_conv_hc=49-bn=True-drop=0.0-seed10,True,True,False,,5,5,750000,750000,2401,49,49,False
8,group=translate_H-full_conv_hc=49-bn=True-drop=0.0-seed10,21,3597.018691778183,0.14914993941783905,0.9531000256538392,15.111813407454424,0.043429080248554144,0.19522278762000567,43422.0,0.96875,7500000.0,7986.884609689005,{'runtime': 3595},0.1360999494791031,1709177344.4657748,0.1010173037648201,0.964379906654358,1008,0.005789600000000001,1039,3775.575853414077,0.08695150271822139,False,translate_H,10,10,0,True,1024,True,1024,-1,-1,group=translate_H-full_conv_hc=49-bn=True-drop=0.0-seed10,True,True,False,,5,5,750000,750000,2401,49,49,False
9,group=trivial-full_conv_hc=49-bn=True-drop=0.0-seed10,30,2020.8207483291624,0.22717559337615967,0.9298999905586244,16.41005098457031,0.049261343495090905,0.16494206941809775,140978.0,0.9453125,7500000.0,21163.926891747953,{'runtime': 2019},0.2116936296224594,1709174046.8149583,0.17198018729686737,0.938987672328949,1440,0.018797066666666667,1479,10065.55857255157,0.07198020133394475,False,trivial,10,10,0,True,1024,True,1024,-1,-1,group=trivial-full_conv_hc=49-bn=True-drop=0.0-seed10,True,True,False,,5,5,750000,750000,2401,49,49,False
10,group=translate_HW-full_conv_hc=19-bn=True-drop=0.0-seed10,23,1884.224240541458,0.17893560230731964,0.9559999704360962,24.595824540559896,0.05987301932213033,1.7184137645722255,21921.0,0.9921875,7500000.0,35453.725867513436,{'runtime': 1883},0.1547016054391861,1709173733.7580216,0.018116740509867668,0.989366352558136,1104,0.0029228,1137,11322.760017764038,0.517639746830731,False,translate_HW,10,10,0,True,1024,True,1024,-1,-1,group=translate_HW-full_conv_hc=19-bn=True-drop=0.0-seed10,True,True,False,,5,5,750000,750000,931,19,19,False
11,group=translate_H-full_conv_hc=19-bn=True-drop=0.0-seed10,29,1190.882482767105,0.1401284486055374,0.9550999999046326,13.543319262304689,0.04315037206798884,0.3056211819746826,75846.0,0.9775390625,7500000.0,22984.058690164147,{'runtime': 1189},0.13573935627937317,1709172007.2750208,0.06316358596086502,0.9672369360923768,1392,0.0101128,1430,18983.04314830358,0.2507295572816504,False,translate_H,10,10,0,True,1024,True,1024,-1,-1,group=translate_H-full_conv_hc=19-bn=True-drop=0.0-seed10,True,True,False,,5,5,750000,750000,931,19,19,False
12,group=trivial-full_conv_hc=19-bn=True-drop=0.0-seed10,39,865.6265397071838,0.2087131589651108,0.9333000183105468,12.586580940201822,0.014354350564273288,0.5365355914799579,15347.0,0.9375,7500000.0,7939.720275749605,{'runtime': 864},0.18961897492408752,1709171834.9615858,0.19031180441379547,0.9423518776893616,1872,0.0020462666666666665,1921,2553.2183088159263,0.16521762792171796,False,trivial,10,10,0,True,1024,True,1024,-1,-1,group=trivial-full_conv_hc=19-bn=True-drop=0.0-seed10,True,True,False,,5,5,750000,750000,931,19,19,False
13,group=translate_HW-full_conv_hc=7-bn=True-drop=0.0-seed10,18,733.7670052051544,0.1770709604024887,0.9473999738693236,16.6163615609375,0.05025476822471194,3.2853390114149335,7035.0,0.96484375,7500000.0,22221.499010759468,{'runtime': 732},0.16052770614624023,1709170954.3304942,0.09108781069517136,0.9724608063697816,864,0.000938,892,5625.3724927628355,0.7911322838505808,False,translate_HW,10,10,0,True,1024,True,1024,-1,-1,group=translate_HW-full_conv_hc=7-bn=True-drop=0.0-seed10,True,True,False,,5,5,750000,750000,343,7,7,False
14,group=translate_H-full_conv_hc=7-bn=True-drop=0.0-seed10,48,972.5058844089508,0.16080191731452942,0.9523000121116638,14.701202231184896,0.039220969323455646,1.329352756102582,29026.0,0.9638671875,7500000.0,37979.977082757905,{'runtime': 971},0.15093474090099335,1709170798.8994465,0.10371604561805724,0.962537169456482,2304,0.003870133333333333,2361,18811.47791290586,0.6449320117587082,False,translate_H,10,10,0,True,1024,True,1024,-1,-1,group=translate_H-full_conv_hc=7-bn=True-drop=0.0-seed10,True,True,False,,5,5,750000,750000,343,7,7,False
15,group=trivial-full_conv_hc=7-bn=True-drop=0.0-seed10,57,781.9165878295898,0.2062506526708603,0.9368000030517578,12.2503542164388,0.04315634822519677,1.4759623594217892,6136.0,0.93359375,7500000.0,8801.474016658738,{'runtime': 780},0.18387502431869507,1709170206.7186267,0.20341914892196655,0.9423012137413024,2736,0.0008181333333333333,2803,2821.114885091072,0.45503335970971415,False,trivial,10,10,0,True,1024,True,1024,-1,-1,group=trivial-full_conv_hc=7-bn=True-drop=0.0-seed10,True,True,False,,5,5,750000,750000,343,7,7,False
16,group=translate_HW-full_conv_hc=3-bn=True-drop=0.0-seed10,34,879.576256275177,0.18232102692127228,0.9469000101089478,15.114248656608074,0.038436706896416185,4.460664776084819,12151.0,0.947265625,7500000.0,53115.60590973701,{'runtime': 878},0.16879208385944366,1709169805.9112763,0.15230770409107208,0.956231415271759,1632,0.0016201333333333335,1675,15964.942687193165,1.3063808136076724,False,translate_HW,10,10,0,True,1024,True,1024,-1,-1,group=translate_HW-full_conv_hc=3-bn=True-drop=0.0-seed10,True,True,False,,5,5,750000,750000,147,3,3,False
17,group=translate_H-full_conv_hc=3-bn=True-drop=0.0-seed10,33,658.3987815380096,0.2501525282859802,0.9210000038146972,13.98614012421875,0.057406409813985246,4.334575000032197,2642.0,0.9267578125,7500000.0,11407.135926720885,{'runtime': 657},0.23624789714813232,1709169407.7270503,0.2292345017194748,0.9317858815193176,1584,0.0003522666666666667,1627,2777.2535911340965,1.056548946293494,False,translate_H,10,10,0,True,1024,True,1024,-1,-1,group=translate_H-full_conv_hc=3-bn=True-drop=0.0-seed10,True,True,False,,5,5,750000,750000,147,3,3,False
18,group=trivial-full_conv_hc=3-bn=True-drop=0.0-seed10,39,639.5629925727844,0.295953631401062,0.9054999947547911,11.983999208626305,0.06419216926250679,3.3866476771966134,2508.0,0.9345703125,7500000.0,8364.105670866675,{'runtime': 638},0.280375599861145,1709168733.7965703,0.23808178305625916,0.9123782515525818,1872,0.0003344,1921,2172.321195201359,0.8587868265511437,False,trivial,10,10,0,True,1024,True,1024,-1,-1,group=trivial-full_conv_hc=3-bn=True-drop=0.0-seed10,True,True,False,,5,5,750000,750000,147,3,3,False
19,group=translate_HW-full_conv_hc=1-bn=True-drop=0.0-seed10,126,1365.0818073749542,0.32455167174339294,0.899399995803833,15.276021011914064,0.047383443766502706,23.65393955985681,789.0,0.919921875,7500000.0,19231.419408898175,{'runtime': 1359},0.3145757019519806,1709168077.6126733,0.26053592562675476,0.9055653214454652,6048,0.0001052,6184,2456.427160570398,3.0731939475240493,False,translate_HW,10,10,0,True,1024,True,1024,-1,-1,group=translate_HW-full_conv_hc=1-bn=True-drop=0.0-seed10,True,True,False,,5,5,750000,750000,49,1,1,False
20,group=translate_H-full_conv_hc=1-bn=True-drop=0.0-seed10,39,689.0959401130676,0.6108395457267761,0.8070999979972839,11.14023896578776,0.022257843711254992,11.004308861519377,651.0,0.8291015625,7500000.0,7582.354682701091,{'runtime': 688},0.5979572534561157,1709166700.123388,0.5308613777160645,0.8215106725692749,1872,8.679999999999998e-05,1921,1260.9381820484996,1.864004047796287,False,translate_H,10,10,0,True,1024,True,1024,-1,-1,group=translate_H-full_conv_hc=1-bn=True-drop=0.0-seed10,True,True,False,,5,5,750000,750000,49,1,1,False
21,group=trivial-full_conv_hc=1-bn=True-drop=0.0-seed10,48,678.2049829959869,0.47817662358284,0.847000002861023,13.575462490755209,0.03426634054756537,13.393967595878234,845.0,0.8388671875,7500000.0,11650.80877605584,{'runtime': 676},0.4701496958732605,1709165995.355867,0.485448956489563,0.8494894504547119,2304,0.00011266666666666668,2362,1809.7162262076456,2.1123329306601137,False,trivial,10,10,0,True,1024,True,1024,-1,-1,group=trivial-full_conv_hc=1-bn=True-drop=0.0-seed10,True,True,False,,5,5,750000,750000,49,1,1,False
22,group=translate_HW-full_conv_hc=49-bn=True-drop=0.0-seed9,20,5918.082305669785,0.104176364839077,0.9715999960899352,24.226644920963544,0.055204367501736795,0.3137484751496887,199102.0,0.9951171875,7500000.0,61982.76190304083,{'runtime': 5916},0.09356391429901124,1709168910.1138177,0.014646979048848152,0.9937280416488647,960,0.026546933333333335,989,46858.347379977815,0.23526792285887616,False,translate_HW,9,9,0,True,1024,True,1024,-1,-1,group=translate_HW-full_conv_hc=49-bn=True-drop=0.0-seed9,True,True,False,,5,5,750000,750000,2401,49,49,False
23,group=translate_H-full_conv_hc=49-bn=True-drop=0.0-seed9,28,3665.088236808777,0.16216827929019928,0.9510999917984008,15.50873972203776,0.040868946061117385,0.24391774424778992,43444.0,0.9697265625,7500000.0,9866.858443862218,{'runtime': 3664},0.15335972607135773,1709165299.6121397,0.08689257502555847,0.9663240313529968,1344,0.005792533333333333,1382,4273.81453137123,0.09852289926588194,False,translate_H,9,9,0,True,1024,True,1024,-1,-1,group=translate_H-full_conv_hc=49-bn=True-drop=0.0-seed9,True,True,False,,5,5,750000,750000,2401,49,49,False
24,group=trivial-full_conv_hc=49-bn=True-drop=0.0-seed9,62,2311.5248074531555,0.17252638936042786,0.945800006389618,17.702553501953126,0.048802652245414205,0.1624669246369766,143217.0,0.9619140625,7500000.0,22196.892953786133,{'runtime': 2310},0.1567225456237793,1709162976.0925343,0.12863340973854065,0.95467609167099,2976,0.0190956,3047,12586.68104186043,0.08779651491902904,False,trivial,9,9,0,True,1024,True,1024,-1,-1,group=trivial-full_conv_hc=49-bn=True-drop=0.0-seed9,True,True,False,,5,5,750000,750000,2401,49,49,False
25,group=translate_HW-full_conv_hc=19-bn=True-drop=0.0-seed9,10,1769.2407352924347,0.1269785612821579,0.960099995136261,15.57284587220052,0.07114195249416258,0.8762638604616833,20777.0,0.9794921875,7500000.0,17700.75241280828,{'runtime': 1768},0.12256447970867156,1709161619.7503064,0.06609396636486053,0.9779551029205322,480,0.0027702666666666667,500,6553.56153946519,0.3127269864067027,False,translate_HW,9,9,0,True,1024,True,1024,-1,-1,group=translate_HW-full_conv_hc=19-bn=True-drop=0.0-seed9,True,True,False,,5,5,750000,750000,931,19,19,False
26,group=translate_H-full_conv_hc=19-bn=True-drop=0.0-seed9,25,1150.4950416088104,0.17237335443496704,0.9466999769210817,13.444802172005208,0.043290601485079475,0.23878146760717245,73177.0,0.96875,7500000.0,17590.192570618405,{'runtime': 1149},0.1595335155725479,1709160646.8934877,0.1087287738919258,0.964160144329071,1200,0.009756933333333332,1234,16504.12705881933,0.2256064353209722,False,translate_H,9,9,0,True,1024,True,1024,-1,-1,group=translate_H-full_conv_hc=19-bn=True-drop=0.0-seed9,True,True,False,,5,5,750000,750000,931,19,19,False
27,group=trivial-full_conv_hc=19-bn=True-drop=0.0-seed9,58,995.8493537902832,0.18761172890663147,0.9398000240325928,14.229863650813805,0.0157713253429326,0.6263773904625591,15579.0,0.9580078125,7500000.0,9301.027953608917,{'runtime': 994},0.1759399026632309,1709159834.4078815,0.1312047690153122,0.9505849480628968,2784,0.0020772,2852,2814.978134004312,0.1800025306505282,False,trivial,9,9,0,True,1024,True,1024,-1,-1,group=trivial-full_conv_hc=19-bn=True-drop=0.0-seed9,True,True,False,,5,5,750000,750000,931,19,19,False
28,group=translate_HW-full_conv_hc=7-bn=True-drop=0.0-seed9,25,897.4070560932159,0.13395127654075625,0.9595999717712402,18.63517597037761,0.04003512311828675,2.1667175439213175,31154.0,0.986328125,7500000.0,65257.119613304785,{'runtime': 896},0.1270579844713211,1709159481.523842,0.04588732123374939,0.9785298705101012,1200,0.004153866666666667,1234,27659.650861649832,0.8923666155084838,False,translate_HW,9,9,0,True,1024,True,1024,-1,-1,group=translate_HW-full_conv_hc=7-bn=True-drop=0.0-seed9,True,True,False,,5,5,750000,750000,343,7,7,False
29,group=translate_H-full_conv_hc=7-bn=True-drop=0.0-seed9,24,707.3213436603546,0.20862114429473877,0.9354000091552734,12.280033586848958,0.053937606659489136,1.5327507357519026,6431.0,0.939453125,7500000.0,8952.491868598012,{'runtime': 706},0.18779794871807096,1709158825.7215636,0.17420890927314758,0.9500946998596193,1152,0.0008574666666666666,1186,3261.3067594013773,0.5091555402200096,False,translate_H,9,9,0,True,1024,True,1024,-1,-1,group=translate_H-full_conv_hc=7-bn=True-drop=0.0-seed9,True,True,False,,5,5,750000,750000,343,7,7,False
30,group=trivial-full_conv_hc=7-bn=True-drop=0.0-seed9,45,763.1249825954437,0.2088480442762375,0.9301000237464904,12.070291361002605,0.03636585671829571,1.431681165233572,24435.0,0.9453125,7500000.0,32340.389183412804,{'runtime': 761},0.19802474975585935,1709158562.3405457,0.1799316108226776,0.9377028942108154,2160,0.0032580000000000005,2214,10348.475939331402,0.42862018218019343,False,trivial,9,9,0,True,1024,True,1024,-1,-1,group=trivial-full_conv_hc=7-bn=True-drop=0.0-seed9,True,True,False,,5,5,750000,750000,343,7,7,False
31,group=translate_HW-full_conv_hc=3-bn=True-drop=0.0-seed9,25,676.273033618927,0.20451751351356504,0.9384999871253968,14.197209671289064,0.06805487212530256,4.890362794049453,2562.0,0.9599609375,7500000.0,12597.28678746063,{'runtime': 675},0.1815942674875259,1709158104.4945776,0.13354215025901794,0.9516838192939758,1200,0.0003416,1235,2988.9534919681028,1.155838329750244,False,translate_HW,9,9,0,True,1024,True,1024,-1,-1,group=translate_HW-full_conv_hc=3-bn=True-drop=0.0-seed9,True,True,False,,5,5,750000,750000,147,3,3,False
32,group=translate_H-full_conv_hc=3-bn=True-drop=0.0-seed9,24,654.7364237308502,0.29508891701698303,0.9054999947547911,12.261533957779948,0.03607355527657148,2.695871685172624,9224.0,0.91796875,7500000.0,24076.951177214367,{'runtime': 653},0.27647164463996887,1709157782.4233136,0.2557624578475952,0.922673761844635,1152,0.0012298666666666666,1185,8620.829639630538,0.9422914913364722,False,translate_H,9,9,0,True,1024,True,1024,-1,-1,group=translate_H-full_conv_hc=3-bn=True-drop=0.0-seed9,True,True,False,,5,5,750000,750000,147,3,3,False
33,group=trivial-full_conv_hc=3-bn=True-drop=0.0-seed9,52,776.6702818870544,0.2719212770462036,0.9158999919891356,12.40414629186198,0.035232373528853125,2.075423796840961,11227.0,0.9208984375,7500000.0,23707.567106325267,{'runtime': 775},0.2583019435405731,1709157109.830266,0.22879691421985623,0.9212198853492736,2496,0.0014969333333333334,2557,9233.380293130103,0.8207651837778316,False,trivial,9,9,0,True,1024,True,1024,-1,-1,group=trivial-full_conv_hc=3-bn=True-drop=0.0-seed9,True,True,False,,5,5,750000,750000,147,3,3,False
34,group=translate_HW-full_conv_hc=1-bn=True-drop=0.0-seed9,123,1615.555870294571,0.28945282101631165,0.9101999998092652,14.739176681119792,0.038122941045589984,16.995247379473426,3163.0,0.9189453125,7500000.0,53456.84162115603,{'runtime': 1614},0.2724670171737671,1709156317.5098484,0.26763680577278137,0.9163172841072084,5904,0.00042173333333333336,6036,8767.466062382446,2.8282539953448955,False,translate_HW,9,9,0,True,1024,True,1024,-1,-1,group=translate_HW-full_conv_hc=1-bn=True-drop=0.0-seed9,True,True,False,,5,5,750000,750000,49,1,1,False
35,group=translate_H-full_conv_hc=1-bn=True-drop=0.0-seed9,30,674.8024892807007,0.6421985626220703,0.7921000123023987,9.98672935732422,0.034758681545343784,6.506580392406832,2389.0,0.8017578125,7500000.0,14891.74756843051,{'runtime': 673},0.6292391419410706,1709154684.3221822,0.6220674514770508,0.8013423085212708,1440,0.00031853333333333334,1479,3470.435998212546,1.4757404200290023,False,translate_H,9,9,0,True,1024,True,1024,-1,-1,group=translate_H-full_conv_hc=1-bn=True-drop=0.0-seed9,True,True,False,,5,5,750000,750000,49,1,1,False
36,group=trivial-full_conv_hc=1-bn=True-drop=0.0-seed9,65,883.1862721443176,0.45130640268325806,0.8529999852180481,14.509747038997396,0.039048954171299034,12.509575058313835,3134.0,0.869140625,7500000.0,38372.64616964532,{'runtime': 881},0.4413858950138092,1709153989.1778262,0.40782028436660767,0.8610360026359558,3120,0.0004178666666666666,3194,6299.443692357745,2.0787733871595977,False,trivial,9,9,0,True,1024,True,1024,-1,-1,group=trivial-full_conv_hc=1-bn=True-drop=0.0-seed9,True,True,False,,5,5,750000,750000,49,1,1,False
37,group=translate_HW-full_conv_hc=49-bn=True-drop=0.0-seed8,10,5852.533572435379,0.1107466071844101,0.9670000076293944,18.689982486816408,0.055163109380550746,0.3817393346244736,50719.0,0.986328125,7500000.0,18131.967775422036,{'runtime': 5848},0.12450779974460602,1709157415.9433703,0.03588183969259262,0.9832127690315248,480,0.0067625333333333325,500,7043.863376082387,0.13855317060767153,False,translate_HW,8,8,0,True,1024,True,1024,-1,-1,group=translate_HW-full_conv_hc=49-bn=True-drop=0.0-seed8,True,True,False,,5,5,750000,750000,2401,49,49,False
38,group=translate_H-full_conv_hc=49-bn=True-drop=0.0-seed8,20,2972.557644128799,0.13873468339443207,0.9549000263214112,13.939353030859374,0.04961547934592234,0.10109622863763726,162132.0,0.9677734375,7500000.0,16195.388023754876,{'runtime': 2971},0.1510619968175888,1709153088.5533812,0.09037762135267258,0.9620300531387328,960,0.0216176,989,14512.26432535937,0.0892937555452483,False,translate_H,8,8,0,True,1024,True,1024,-1,-1,group=translate_H-full_conv_hc=49-bn=True-drop=0.0-seed8,True,True,False,,5,5,750000,750000,2401,49,49,False
39,group=trivial-full_conv_hc=49-bn=True-drop=0.0-seed8,50,2004.5195825099945,0.16131022572517395,0.94650000333786,15.703630290429686,0.017997195820995227,0.28637390984939515,37548.0,0.958984375,7500000.0,10729.982229619502,{'runtime': 2003},0.18041835725307465,1709151547.2044146,0.14173008501529694,0.9488098621368408,2400,0.0050064,2460,2935.88720092515,0.07847643828557133,False,trivial,8,8,0,True,1024,True,1024,-1,-1,group=trivial-full_conv_hc=49-bn=True-drop=0.0-seed8,True,True,False,,5,5,750000,750000,2401,49,49,False
40,group=translate_HW-full_conv_hc=19-bn=True-drop=0.0-seed8,11,1877.4002470970152,0.12275940924882887,0.9623000025749208,17.44896489785156,0.04353871345652745,0.5517803989767361,84728.0,0.9873046875,7500000.0,46230.47729061936,{'runtime': 1876},0.1372846961021423,1709150097.447329,0.048866525292396545,0.9791892170906068,528,0.011297066666666666,548,28819.06889861013,0.3413398619905766,False,translate_HW,8,8,0,True,1024,True,1024,-1,-1,group=translate_HW-full_conv_hc=19-bn=True-drop=0.0-seed8,True,True,False,,5,5,750000,750000,931,19,19,False
41,group=translate_H-full_conv_hc=19-bn=True-drop=0.0-seed8,35,1263.7402365207672,0.1259823441505432,0.9595999717712402,14.772971940527343,0.04699666528562468,0.7037996350672826,18683.0,0.9677734375,7500000.0,12685.250851652536,{'runtime': 1262},0.13234548270702362,1709149519.4263363,0.08272429555654526,0.9680991172790528,1680,0.002491066666666667,1725,4995.046519161115,0.26623846665073037,False,translate_H,8,8,0,True,1024,True,1024,-1,-1,group=translate_H-full_conv_hc=19-bn=True-drop=0.0-seed8,True,True,False,,5,5,750000,750000,931,19,19,False
42,group=trivial-full_conv_hc=19-bn=True-drop=0.0-seed8,42,947.5650210380554,0.20292286574840543,0.9340999722480774,13.471071595833331,0.04064118841665178,0.2327021757180449,62499.0,0.9423828125,7500000.0,14294.669997613604,{'runtime': 946},0.20436249673366547,1709148206.394204,0.18109852075576785,0.9442284107208252,2016,0.008333199999999999,2067,10431.747832438065,0.16719671855780532,False,trivial,8,8,0,True,1024,True,1024,-1,-1,group=trivial-full_conv_hc=19-bn=True-drop=0.0-seed8,True,True,False,,5,5,750000,750000,931,19,19,False
43,group=translate_HW-full_conv_hc=7-bn=True-drop=0.0-seed8,26,786.6883738040924,0.12240703403949738,0.9617000222206116,17.688024423242187,0.06145795694712097,3.553655145038585,6926.0,0.9873046875,7500000.0,22336.803924728745,{'runtime': 785},0.13087303936481476,1709148240.053656,0.05013396963477135,0.9771267175674438,1248,0.0009234666666666664,1284,5820.247282182332,0.8538029227293833,False,translate_HW,8,8,0,True,1024,True,1024,-1,-1,group=translate_HW-full_conv_hc=7-bn=True-drop=0.0-seed8,True,True,False,,5,5,750000,750000,343,7,7,False
44,group=translate_H-full_conv_hc=7-bn=True-drop=0.0-seed8,18,707.5348010063171,0.1933763325214386,0.9376000165939332,11.874581133105467,0.038528988942394274,0.9092930769186982,27546.0,0.939453125,7500000.0,25076.009829270843,{'runtime': 706},0.2039780616760254,1709147244.289987,0.1819976419210434,0.946121871471405,864,0.003672799999999999,891,12518.723072449791,0.4537630459798603,False,translate_H,8,8,0,True,1024,True,1024,-1,-1,group=translate_H-full_conv_hc=7-bn=True-drop=0.0-seed8,True,True,False,,5,5,750000,750000,343,7,7,False
45,group=trivial-full_conv_hc=7-bn=True-drop=0.0-seed8,51,727.5753195285797,0.1979582756757736,0.9348000288009644,12.53420129280599,0.02579054181566492,1.4673146262007264,5941.0,0.9404296875,7500000.0,8427.91331638628,{'runtime': 726},0.20254932343959808,1709147436.9968376,0.16007864475250244,0.9401034712791444,2448,0.0007921333333333334,2509,2619.551353361536,0.44276188736300154,False,trivial,8,8,0,True,1024,True,1024,-1,-1,group=trivial-full_conv_hc=7-bn=True-drop=0.0-seed8,True,True,False,,5,5,750000,750000,343,7,7,False
46,group=translate_HW-full_conv_hc=3-bn=True-drop=0.0-seed8,29,837.0952548980713,0.18735042214393616,0.944100022315979,12.317508016959636,0.03514577688111352,3.057142080512285,10876.0,0.9501953125,7500000.0,32019.256282522605,{'runtime': 835},0.1976920515298843,1709146520.1614928,0.1453111618757248,0.9509568810462952,1392,0.001450133333333333,1430,12330.313919167966,1.144341305130748,False,translate_HW,8,8,0,True,1024,True,1024,-1,-1,group=translate_HW-full_conv_hc=3-bn=True-drop=0.0-seed8,True,True,False,,5,5,750000,750000,147,3,3,False
47,group=translate_H-full_conv_hc=3-bn=True-drop=0.0-seed8,56,848.130913734436,0.20403678715229032,0.9351000189781188,13.488273573209636,0.05809129386600652,5.081592416875251,2527.0,0.93359375,7500000.0,12208.120379403566,{'runtime': 847},0.21310210227966309,1709146691.3561358,0.21535438299179077,0.9399005770683287,2688,0.0003369333333333333,2754,2807.6243450255133,1.116637227425342,False,translate_H,8,8,0,True,1024,True,1024,-1,-1,group=translate_H-full_conv_hc=3-bn=True-drop=0.0-seed8,True,True,False,,5,5,750000,750000,147,3,3,False
48,group=trivial-full_conv_hc=3-bn=True-drop=0.0-seed8,70,936.311737537384,0.24807314574718475,0.9197999835014344,14.09564244182943,0.03462989729803499,3.228488951634835,9196.0,0.9208984375,7500000.0,31591.360085346565,{'runtime': 934},0.26079970598220825,1709145663.8174095,0.24378052353858948,0.9270861744880676,3360,0.0012261333333333333,3439,8711.708587410161,0.9404348611313396,False,trivial,8,8,0,True,1024,True,1024,-1,-1,group=trivial-full_conv_hc=3-bn=True-drop=0.0-seed8,True,True,False,,5,5,750000,750000,147,3,3,False
49,group=translate_HW-full_conv_hc=1-bn=True-drop=0.0-seed8,85,1283.4584338665009,0.33975133299827576,0.8916000127792358,14.332222226269533,0.03801736956556411,20.649880747042275,3246.0,0.91015625,7500000.0,70589.69742695196,{'runtime': 1282},0.3545414209365845,1709144706.8591268,0.2638757824897766,0.8964024782180786,4080,0.0004327999999999999,4174,9728.59082450904,2.925125741370633,False,translate_HW,8,8,0,True,1024,True,1024,-1,-1,group=translate_HW-full_conv_hc=1-bn=True-drop=0.0-seed8,True,True,False,,5,5,750000,750000,49,1,1,False
50,group=translate_H-full_conv_hc=1-bn=True-drop=0.0-seed8,44,792.0739257335663,0.5637792348861694,0.8134999871253967,10.482712314355467,0.031856887843671015,7.933774092845421,3032.0,0.8349609375,7500000.0,23743.63355949784,{'runtime': 790},0.5744279623031616,1709143408.9194777,0.5202605128288269,0.825652539730072,2112,0.00040426666666666666,2165,5662.6260821342,1.891104358335707,False,translate_H,8,8,0,True,1024,True,1024,-1,-1,group=translate_H-full_conv_hc=1-bn=True-drop=0.0-seed8,True,True,False,,5,5,750000,750000,49,1,1,False
51,group=trivial-full_conv_hc=1-bn=True-drop=0.0-seed8,99,1162.5215260982511,0.3773512244224548,0.8740000128746033,16.08801195058594,0.03855349180833149,12.123083376649587,3530.0,0.87109375,7500000.0,43080.972176803334,{'runtime': 1161},0.3800201714038849,1709142601.0291572,0.39666393399238586,0.8787699341773987,4752,0.00047066666666666665,4860,7145.993638004176,2.04166918675257,False,trivial,8,8,0,True,1024,True,1024,-1,-1,group=trivial-full_conv_hc=1-bn=True-drop=0.0-seed8,True,True,False,,5,5,750000,750000,49,1,1,False
52,group=translate_HW-full_conv_hc=49-bn=True-drop=0.0-seed7,13,5913.014153718948,0.14340145885944366,0.9632999897003174,20.189772419335934,0.05193139488755314,0.5060324034222546,49983.0,0.986328125,7500000.0,23417.48564620417,{'runtime': 5911},0.16487030684947968,1709145826.5784657,0.03258758783340454,0.9841932654380798,624,0.006664399999999999,647,8090.798902889743,0.1616400304906273,False,translate_HW,7,7,0,True,1024,True,1024,-1,-1,group=translate_HW-full_conv_hc=49-bn=True-drop=0.0-seed7,True,True,False,,5,5,750000,750000,2401,49,49,False
53,group=translate_H-full_conv_hc=49-bn=True-drop=0.0-seed7,19,2948.6760993003845,0.14392194151878357,0.9534000158309937,13.793978689811198,0.05038996222184207,0.10022574472157116,158368.0,0.9619140625,7500000.0,15186.427100238663,{'runtime': 2947},0.15925942361354828,1709141417.3926933,0.13067783415317535,0.9625710248947144,912,0.02111573333333333,940,13971.511128634214,0.08799221432957133,False,translate_H,7,7,0,True,1024,True,1024,-1,-1,group=translate_H-full_conv_hc=49-bn=True-drop=0.0-seed7,True,True,False,,5,5,750000,750000,2401,49,49,False
54,group=trivial-full_conv_hc=49-bn=True-drop=0.0-seed7,50,1976.49569272995,0.1917204111814499,0.9397000074386596,17.001163758300784,0.0163411885507383,0.37049146185278303,37087.0,0.951171875,7500000.0,13628.733474474277,{'runtime': 1975},0.18753582239151,1709139894.8837538,0.1372457593679428,0.9484379291534424,2400,0.0049449333333333335,2460,3036.2573414918515,0.0817120833779843,False,trivial,7,7,0,True,1024,True,1024,-1,-1,group=trivial-full_conv_hc=49-bn=True-drop=0.0-seed7,True,True,False,,5,5,750000,750000,2401,49,49,False
55,group=translate_HW-full_conv_hc=19-bn=True-drop=0.0-seed7,16,1941.275589942932,0.10859365016222,0.9661999940872192,20.323440086783854,0.04400226014584502,0.7313474905842131,84717.0,0.9912109375,7500000.0,61615.00057254079,{'runtime': 1939},0.11854281276464462,1709138453.842601,0.022783104330301285,0.9853935837745668,768,0.0112956,793,36083.85917807298,0.425846075580208,False,translate_HW,7,7,0,True,1024,True,1024,-1,-1,group=translate_HW-full_conv_hc=19-bn=True-drop=0.0-seed7,True,True,False,,5,5,750000,750000,931,19,19,False
56,group=translate_H-full_conv_hc=19-bn=True-drop=0.0-seed7,31,1238.5632297992706,0.12890008091926575,0.9587000012397766,15.26446713531901,0.04470482430480861,0.7919486759996474,18086.0,0.947265625,7500000.0,14297.856289744996,{'runtime': 1237},0.1344658136367798,1709137902.9438028,0.1350865513086319,0.9686400890350342,1488,0.0024114666666666664,1529,4838.80065358704,0.2650629095079703,False,translate_H,7,7,0,True,1024,True,1024,-1,-1,group=translate_H-full_conv_hc=19-bn=True-drop=0.0-seed7,True,True,False,,5,5,750000,750000,931,19,19,False
57,group=trivial-full_conv_hc=19-bn=True-drop=0.0-seed7,30,779.3617298603058,0.20391856133937836,0.9347000122070312,12.762377187467449,0.02601292676836601,0.456747063240406,15570.0,0.935546875,7500000.0,6879.108608318204,{'runtime': 778},0.2059256881475449,1709136642.794117,0.20107948780059817,0.9372802376747132,1440,0.002076,1480,2408.879306858191,0.153302340650174,False,trivial,7,7,0,True,1024,True,1024,-1,-1,group=trivial-full_conv_hc=19-bn=True-drop=0.0-seed7,True,True,False,,5,5,750000,750000,931,19,19,False
58,group=translate_HW-full_conv_hc=7-bn=True-drop=0.0-seed7,27,908.6326076984406,0.12190131843090056,0.9610999822616576,18.93471005976562,0.03835789649001041,2.2947961928620852,30894.0,0.9794921875,7500000.0,69473.75697501091,{'runtime': 907},0.12411833554506302,1709136494.7736528,0.058061789721250534,0.9794259071350098,1296,0.0041192,1332,29037.950756554288,0.9447055041646923,False,translate_HW,7,7,0,True,1024,True,1024,-1,-1,group=translate_HW-full_conv_hc=7-bn=True-drop=0.0-seed7,True,True,False,,5,5,750000,750000,343,7,7,False
59,group=translate_H-full_conv_hc=7-bn=True-drop=0.0-seed7,36,786.0238411426544,0.17540666460990906,0.945800006389618,13.873405805794272,0.04470914195965557,2.23608672719289,6605.0,0.9462890625,7500000.0,13594.513764426209,{'runtime': 784},0.17247594892978668,1709135837.95193,0.14222964644432068,0.957262635231018,1728,0.0008806666666666668,1774,4030.8408103076217,0.6113633498546065,False,translate_H,7,7,0,True,1024,True,1024,-1,-1,group=translate_H-full_conv_hc=7-bn=True-drop=0.0-seed7,True,True,False,,5,5,750000,750000,343,7,7,False
60,group=trivial-full_conv_hc=7-bn=True-drop=0.0-seed7,48,786.1691904067993,0.19258812069892883,0.9358000159263612,13.13249809329427,0.03887684395600298,1.1590558540310192,26202.0,0.93359375,7500000.0,29457.601198437795,{'runtime': 784},0.2007140964269638,1709135571.3121934,0.1953335404396057,0.9399344325065612,2304,0.0034935999999999995,2361,12384.845928993893,0.46536475044604,False,trivial,7,7,0,True,1024,True,1024,-1,-1,group=trivial-full_conv_hc=7-bn=True-drop=0.0-seed7,True,True,False,,5,5,750000,750000,343,7,7,False
61,group=translate_HW-full_conv_hc=3-bn=True-drop=0.0-seed7,31,735.376030921936,0.20612818002700808,0.9362000226974488,13.240210062565104,0.062010865881952384,5.349077291314694,2430.0,0.9599609375,7500000.0,12461.68512231968,{'runtime': 734},0.20830656588077545,1709135038.2954009,0.12154359370470048,0.9501622915267944,1488,0.00032399999999999996,1529,2914.278363434365,1.2083095231214,False,translate_HW,7,7,0,True,1024,True,1024,-1,-1,group=translate_HW-full_conv_hc=3-bn=True-drop=0.0-seed7,True,True,False,,5,5,750000,750000,147,3,3,False
62,group=translate_H-full_conv_hc=3-bn=True-drop=0.0-seed7,24,663.5429835319519,0.2697228789329529,0.9138000011444092,12.053396022981772,0.038119719090489536,1.9341812890664207,11217.0,0.9248046875,7500000.0,21400.17189346222,{'runtime': 662},0.26982495188713074,1709134766.274567,0.24313847720623016,0.9240262508392334,1152,0.0014956,1185,9769.06141116671,0.8727745569113688,False,translate_H,7,7,0,True,1024,True,1024,-1,-1,group=translate_H-full_conv_hc=3-bn=True-drop=0.0-seed7,True,True,False,,5,5,750000,750000,147,3,3,False
63,group=trivial-full_conv_hc=3-bn=True-drop=0.0-seed7,42,700.3539052009583,0.2813715934753418,0.9088000059127808,12.555662293652343,0.03496028100303441,1.6755326024827188,8858.0,0.91796875,7500000.0,14868.37261894445,{'runtime': 699},0.2853673994541168,1709134081.7467625,0.2661152780056,0.9139167070388794,2016,0.001181066666666667,2067,7073.051310894953,0.7976186055197406,False,trivial,7,7,0,True,1024,True,1024,-1,-1,group=trivial-full_conv_hc=3-bn=True-drop=0.0-seed7,True,True,False,,5,5,750000,750000,147,3,3,False
64,group=translate_HW-full_conv_hc=1-bn=True-drop=0.0-seed7,69,1140.9915482997894,0.33349087834358215,0.896399974822998,13.93839746142578,0.0388543773553128,24.118500764718853,2919.0,0.90625,7500000.0,91460.60105289746,{'runtime': 1139},0.3330906629562378,1709133361.3166244,0.2854624092578888,0.8980085253715515,3312,0.0003892,3390,10510.379256169312,3.1610785069941523,False,translate_HW,7,7,0,True,1024,True,1024,-1,-1,group=translate_HW-full_conv_hc=1-bn=True-drop=0.0-seed7,True,True,False,,5,5,750000,750000,49,1,1,False
65,group=translate_H-full_conv_hc=1-bn=True-drop=0.0-seed7,45,813.0852646827698,0.5753560066223145,0.8144999742507935,11.46960563063151,0.03961640160487888,7.894659070946863,3160.0,0.8154296875,7500000.0,23319.12582257873,{'runtime': 808},0.5648514628410339,1709132200.9976106,0.5447074174880981,0.8295746445655823,2160,0.0004213333333333333,2214,5599.068471547216,1.8565815326282176,False,translate_H,7,7,0,True,1024,True,1024,-1,-1,group=translate_H-full_conv_hc=1-bn=True-drop=0.0-seed7,True,True,False,,5,5,750000,750000,49,1,1,False
66,group=trivial-full_conv_hc=1-bn=True-drop=0.0-seed7,65,878.7216415405273,0.44577139616012573,0.8568000197410583,12.66857529765625,0.03727872644333237,8.070737265758321,3947.0,0.8486328125,7500000.0,29901.17080562054,{'runtime': 877},0.4535562396049499,1709131370.720461,0.45691928267478943,0.8605795502662659,3120,0.0005262666666666666,3194,6630.787466218229,1.6953829154179771,False,trivial,7,7,0,True,1024,True,1024,-1,-1,group=trivial-full_conv_hc=1-bn=True-drop=0.0-seed7,True,True,False,,5,5,750000,750000,49,1,1,False
67,group=translate_HW-full_conv_hc=49-bn=True-drop=0.0-seed6,13,5872.3272132873535,0.10592947900295258,0.9688000082969666,19.96027391126302,0.06062602659586025,0.5123941703648209,49668.0,0.986328125,7500000.0,22902.959949838583,{'runtime': 5870},0.12603190541267395,1709134283.4400394,0.045014120638370514,0.987084150314331,624,0.006622399999999999,647,7996.017872063798,0.1606440085184595,False,translate_HW,6,6,0,True,1024,True,1024,-1,-1,group=translate_HW-full_conv_hc=49-bn=True-drop=0.0-seed6,True,True,False,,5,5,750000,750000,2401,49,49,False
68,group=translate_H-full_conv_hc=49-bn=True-drop=0.0-seed6,37,3135.770234107971,0.18344849348068237,0.9395999908447266,15.814158084700525,0.051338537299168874,0.11647882412015578,161754.0,0.96875,7500000.0,18477.660152326556,{'runtime': 3132},0.20398978888988495,1709130475.4140322,0.08731888979673386,0.9678117632865906,1776,0.0215672,1822,19160.60075263586,0.118267255429931,False,translate_H,6,6,0,True,1024,True,1024,-1,-1,group=translate_H-full_conv_hc=49-bn=True-drop=0.0-seed6,True,True,False,,5,5,750000,750000,2401,49,49,False
69,group=trivial-full_conv_hc=49-bn=True-drop=0.0-seed6,26,1791.7455506324768,0.2294230759143829,0.9240999817848206,15.559391116080729,0.01748638560997449,0.21881887518357557,35648.0,0.9375,7500000.0,7403.854495218164,{'runtime': 1790},0.24572643637657168,1709128396.3019886,0.17744538187980652,0.9331045150756836,1248,0.004753066666666667,1284,2367.892058444104,0.06628999440734283,False,trivial,6,6,0,True,1024,True,1024,-1,-1,group=trivial-full_conv_hc=49-bn=True-drop=0.0-seed6,True,True,False,,5,5,750000,750000,2401,49,49,False
70,group=translate_HW-full_conv_hc=19-bn=True-drop=0.0-seed6,12,1859.4378600120544,0.12596376240253448,0.9599000215530396,17.22036530514323,0.043891713002695024,0.5987841151124087,80256.0,0.978515625,7500000.0,47471.21025518213,{'runtime': 1858},0.14723503589630127,1709127321.820512,0.057266104966402054,0.9801359176635742,576,0.0107008,597,28086.155243219982,0.3504455668783508,False,translate_HW,6,6,0,True,1024,True,1024,-1,-1,group=translate_HW-full_conv_hc=19-bn=True-drop=0.0-seed6,True,True,False,,5,5,750000,750000,931,19,19,False
71,group=translate_H-full_conv_hc=19-bn=True-drop=0.0-seed6,28,1201.912341117859,0.15382535755634308,0.9538000226020812,13.595849048990884,0.04202086482551598,0.6798335100419984,18171.0,0.9736328125,7500000.0,11603.217604696658,{'runtime': 1200},0.1685180962085724,1709126590.2431002,0.0912005379796028,0.9652928113937378,1344,0.0024228,1382,4537.078606904459,0.2501049807806806,False,translate_H,6,6,0,True,1024,True,1024,-1,-1,group=translate_H-full_conv_hc=19-bn=True-drop=0.0-seed6,True,True,False,,5,5,750000,750000,931,19,19,False
72,group=trivial-full_conv_hc=19-bn=True-drop=0.0-seed6,34,873.0245797634125,0.20277796685695648,0.9329000115394592,12.827187797330732,0.041400796249646064,0.20867518748866992,65078.0,0.9482421875,7500000.0,13365.392646623866,{'runtime': 871},0.21428368985652924,1709125440.3806047,0.16551275551319122,0.9398329854011536,1632,0.008677066666666667,1675,10445.00225512644,0.15950889599196078,False,trivial,6,6,0,True,1024,True,1024,-1,-1,group=trivial-full_conv_hc=19-bn=True-drop=0.0-seed6,True,True,False,,5,5,750000,750000,931,19,19,False
73,group=translate_HW-full_conv_hc=7-bn=True-drop=0.0-seed6,22,757.9749338626862,0.16490256786346436,0.9484000205993652,16.4185339765625,0.05854823175430152,2.9370040489992677,7076.0,0.97265625,7500000.0,19169.038036987145,{'runtime': 756},0.1759050488471985,1709125373.5160778,0.08461915701627731,0.9726129174232484,1056,0.0009434666666666664,1088,5608.92091048178,0.7946942752474263,False,translate_HW,6,6,0,True,1024,True,1024,-1,-1,group=translate_HW-full_conv_hc=7-bn=True-drop=0.0-seed6,True,True,False,,5,5,750000,750000,343,7,7,False
74,group=translate_H-full_conv_hc=7-bn=True-drop=0.0-seed6,23,754.5978014469147,0.20115423202514648,0.9354000091552734,11.474640102018228,0.03847359465895857,0.7650556021699989,27642.0,0.953125,7500000.0,20957.820481907656,{'runtime': 753},0.2184353470802307,1709124550.5546634,0.1543487161397934,0.9497734904289246,1104,0.0036856,1136,13924.406934844095,0.5059964868901743,False,translate_H,6,6,0,True,1024,True,1024,-1,-1,group=translate_H-full_conv_hc=7-bn=True-drop=0.0-seed6,True,True,False,,5,5,750000,750000,343,7,7,False
75,group=trivial-full_conv_hc=7-bn=True-drop=0.0-seed6,45,690.7570583820343,0.2045086175203323,0.9316999912261964,11.2270424773112,0.025163619512084474,1.5278266922324382,5823.0,0.9326171875,7500000.0,8343.289992347767,{'runtime': 689},0.23631863296031952,1709124600.5625265,0.20741848647594452,0.9345922470092772,2160,0.0007764,2215,2501.935307962616,0.4285149341981612,False,trivial,6,6,0,True,1024,True,1024,-1,-1,group=trivial-full_conv_hc=7-bn=True-drop=0.0-seed6,True,True,False,,5,5,750000,750000,343,7,7,False
76,group=translate_HW-full_conv_hc=3-bn=True-drop=0.0-seed6,35,889.4186956882477,0.18338188529014587,0.9431999921798706,15.4306904148112,0.037031965722105306,5.114817205158028,12188.0,0.9453125,7500000.0,61261.75008446783,{'runtime': 888},0.20309458673000336,1709123131.5312295,0.16903837025165558,0.9538984298706056,1680,0.0016250666666666666,1724,17261.9592365392,1.423814710855313,False,translate_HW,6,6,0,True,1024,True,1024,-1,-1,group=translate_HW-full_conv_hc=3-bn=True-drop=0.0-seed6,True,True,False,,5,5,750000,750000,147,3,3,False
77,group=translate_H-full_conv_hc=3-bn=True-drop=0.0-seed6,32,679.815815448761,0.2467309534549713,0.920799970626831,12.321906412434895,0.05031019383016333,3.706166524758254,2640.0,0.9345703125,7500000.0,9623.945856605584,{'runtime': 678},0.25928980112075806,1709122651.8790264,0.19049546122550964,0.928709089756012,1536,0.00035200000000000005,1578,2624.034109542583,1.0004191700397715,False,translate_H,6,6,0,True,1024,True,1024,-1,-1,group=translate_H-full_conv_hc=3-bn=True-drop=0.0-seed6,True,True,False,,5,5,750000,750000,147,3,3,False
78,group=trivial-full_conv_hc=3-bn=True-drop=0.0-seed6,20,519.1551740169525,0.3711499869823456,0.8809000253677368,10.444522201757811,0.03937209367562912,2.1979420801270324,10709.0,0.9033203125,7500000.0,22536.941671198823,{'runtime': 517},0.4049501419067383,1709122222.2085211,0.32430824637413025,0.8913477063179016,960,0.0014278666666666666,989,7746.558542176252,0.7329098713857094,False,trivial,6,6,0,True,1024,True,1024,-1,-1,group=trivial-full_conv_hc=3-bn=True-drop=0.0-seed6,True,True,False,,5,5,750000,750000,147,3,3,False
79,group=translate_HW-full_conv_hc=1-bn=True-drop=0.0-seed6,110,1512.0849788188934,0.3396061360836029,0.8916000127792358,14.948771737760415,0.03194210965243935,19.47873753657584,3563.0,0.89453125,7500000.0,65122.50045269552,{'runtime': 1510},0.3545425236225128,1709121594.4680555,0.32749003171920776,0.8972815871238708,5280,0.0004750666666666667,5399,10745.243790642358,3.049500291223745,False,translate_HW,6,6,0,True,1024,True,1024,-1,-1,group=translate_HW-full_conv_hc=1-bn=True-drop=0.0-seed6,True,True,False,,5,5,750000,750000,49,1,1,False
80,group=translate_H-full_conv_hc=1-bn=True-drop=0.0-seed6,48,837.7546796798706,0.533473014831543,0.8230000138282776,11.430887054557292,0.041105210642174886,8.679631047653022,3318.0,0.8486328125,7500000.0,27001.3525853542,{'runtime': 836},0.5544464588165283,1709120069.2711546,0.49285197257995605,0.8363199830055237,2304,0.0004424000000000001,2361,6174.406152579468,1.8794276136400412,False,translate_H,6,6,0,True,1024,True,1024,-1,-1,group=translate_H-full_conv_hc=1-bn=True-drop=0.0-seed6,True,True,False,,5,5,750000,750000,49,1,1,False
81,group=trivial-full_conv_hc=1-bn=True-drop=0.0-seed6,59,827.8424725532532,0.45523104071617126,0.8539999723434448,13.532559111783854,0.03257309116301544,12.535789491376285,3150.0,0.85546875,7500000.0,38334.26240517819,{'runtime': 826},0.4747819304466248,1709119216.9902363,0.4638504087924957,0.8577393889427185,2832,0.00042,2900,6486.046980464831,2.0632228975210745,False,trivial,6,6,0,True,1024,True,1024,-1,-1,group=trivial-full_conv_hc=1-bn=True-drop=0.0-seed6,True,True,False,,5,5,750000,750000,49,1,1,False
82,group=translate_HW-full_conv_hc=49-bn=True-drop=0.0-seed5,15,5866.120131492615,0.11034924536943436,0.9682999849319458,21.08726769095052,0.0608185596347196,0.5399180671333916,49735.0,0.994140625,7500000.0,24853.829166173164,{'runtime': 5864},0.11622508615255356,1709121953.6379895,0.0229096170514822,0.9880308508872986,720,0.006631333333333334,745,8466.395575526753,0.170063301972567,False,translate_HW,5,5,0,True,1024,True,1024,-1,-1,group=translate_HW-full_conv_hc=49-bn=True-drop=0.0-seed5,True,True,False,,5,5,750000,750000,2401,49,49,False
83,group=translate_H-full_conv_hc=49-bn=True-drop=0.0-seed5,27,3041.190449476242,0.1488652378320694,0.9545000195503236,16.000605203515626,0.050599335296788915,0.16408855247797657,167720.0,0.951171875,7500000.0,25564.750883846864,{'runtime': 3040},0.14422860741615295,1709118373.5267017,0.1440442055463791,0.9664424061775208,1296,0.022362666666666663,1332,17693.75464819686,0.1056417298698163,False,translate_H,5,5,0,True,1024,True,1024,-1,-1,group=translate_H-full_conv_hc=49-bn=True-drop=0.0-seed5,True,True,False,,5,5,750000,750000,2401,49,49,False
84,group=trivial-full_conv_hc=49-bn=True-drop=0.0-seed5,26,1780.162714958191,0.22311680018901825,0.9297999739646912,15.024228749121091,0.01492239696019446,0.22489251046268924,38490.0,0.9384765625,7500000.0,8449.109363590604,{'runtime': 1779},0.24351707100868225,1709116068.805795,0.19941821694374084,0.9332059621810912,1248,0.005131999999999999,1284,2587.015337952427,0.06667018613651826,False,trivial,5,5,0,True,1024,True,1024,-1,-1,group=trivial-full_conv_hc=49-bn=True-drop=0.0-seed5,True,True,False,,5,5,750000,750000,2401,49,49,False
85,group=translate_HW-full_conv_hc=19-bn=True-drop=0.0-seed5,13,1911.8481874465945,0.1281638890504837,0.9616000056266784,18.21597887565104,0.044918209393340576,0.8449869423428998,84669.0,0.9814453125,7500000.0,63367.63700316123,{'runtime': 1910},0.13927990198135376,1709115315.8152664,0.05145735666155815,0.9819447994232178,624,0.0112892,646,30796.635389223695,0.3649583333952267,False,translate_HW,5,5,0,True,1024,True,1024,-1,-1,group=translate_HW-full_conv_hc=19-bn=True-drop=0.0-seed5,True,True,False,,5,5,750000,750000,931,19,19,False
86,group=translate_H-full_conv_hc=19-bn=True-drop=0.0-seed5,32,1228.6565482616425,0.1446004956960678,0.9538999795913696,15.86485999908854,0.05073076132238357,0.5668913685032037,18546.0,0.982421875,7500000.0,10195.61480768425,{'runtime': 1227},0.14925940334796906,1709114269.7004414,0.05514544993638992,0.9680653214454652,1536,0.0024728,1578,4752.265186721381,0.2553154214026344,False,translate_H,5,5,0,True,1024,True,1024,-1,-1,group=translate_H-full_conv_hc=19-bn=True-drop=0.0-seed5,True,True,False,,5,5,750000,750000,931,19,19,False
87,group=trivial-full_conv_hc=19-bn=True-drop=0.0-seed5,39,917.628556728363,0.1992729604244232,0.9354000091552734,12.911226275520832,0.04227948007210985,0.31597425272473645,63063.0,0.9404296875,7500000.0,19633.791175458973,{'runtime': 916},0.21213513612747192,1709113384.9106348,0.1620907038450241,0.944448173046112,1872,0.0084084,1920,10168.686231759086,0.16091352721326244,False,trivial,5,5,0,True,1024,True,1024,-1,-1,group=trivial-full_conv_hc=19-bn=True-drop=0.0-seed5,True,True,False,,5,5,750000,750000,931,19,19,False
88,group=translate_HW-full_conv_hc=7-bn=True-drop=0.0-seed5,14,690.1167998313904,0.1493612378835678,0.9542999863624572,15.245146025683596,0.08407392732426959,2.3564368369590047,7143.0,0.966796875,7500000.0,16148.824120727635,{'runtime': 689},0.1559736281633377,1709113026.6056008,0.10066353529691696,0.9671862125396729,672,0.0009524000000000002,696,4718.048264651996,0.6613168703677483,False,translate_HW,5,5,0,True,1024,True,1024,-1,-1,group=translate_HW-full_conv_hc=7-bn=True-drop=0.0-seed5,True,True,False,,5,5,750000,750000,343,7,7,False
89,group=translate_H-full_conv_hc=7-bn=True-drop=0.0-seed5,37,872.2850413322449,0.1901641935110092,0.9397000074386596,14.690902242415367,0.03908430424786753,1.7026284442503858,28290.0,0.9580078125,7500000.0,45661.2480070899,{'runtime': 871},0.19964919984340668,1709112449.2568853,0.12109211832284927,0.9569414258003236,1776,0.003772,1822,17961.635233928333,0.6409760301098848,False,translate_H,5,5,0,True,1024,True,1024,-1,-1,group=translate_H-full_conv_hc=7-bn=True-drop=0.0-seed5,True,True,False,,5,5,750000,750000,343,7,7,False
90,group=trivial-full_conv_hc=7-bn=True-drop=0.0-seed5,48,735.435747385025,0.2019972503185272,0.9358999729156494,12.452884154394532,0.03826251798510924,1.7264151730478994,5784.0,0.947265625,7500000.0,9747.97063974956,{'runtime': 734},0.21310417354106903,1709112319.9330044,0.16713163256645203,0.93841290473938,2304,0.0007711999999999999,2362,2615.15952232225,0.45159643713325553,False,trivial,5,5,0,True,1024,True,1024,-1,-1,group=trivial-full_conv_hc=7-bn=True-drop=0.0-seed5,True,True,False,,5,5,750000,750000,343,7,7,False
91,group=translate_HW-full_conv_hc=3-bn=True-drop=0.0-seed5,26,811.78613114357,0.18836383521556857,0.941100001335144,13.391107331119793,0.037462476563101706,3.3471540867028153,11407.0,0.9609375,7500000.0,38374.1007962367,{'runtime': 810},0.19950498640537265,1709111557.308175,0.1198997125029564,0.9519881010055542,1248,0.0015209333333333333,1283,13202.620556624548,1.160378559984145,False,translate_HW,5,5,0,True,1024,True,1024,-1,-1,group=translate_HW-full_conv_hc=3-bn=True-drop=0.0-seed5,True,True,False,,5,5,750000,750000,147,3,3,False
92,group=translate_H-full_conv_hc=3-bn=True-drop=0.0-seed5,35,666.4106161594391,0.2510751783847809,0.9153000116348268,13.037204634375,0.06379782389821494,4.0924820869643135,2362.0,0.9248046875,7500000.0,9950.229062746272,{'runtime': 665},0.264240562915802,1709111567.4850953,0.20873960852622983,0.9298924803733826,1680,0.00031493333333333336,1725,2408.09281817195,0.9949927683695972,False,translate_H,5,5,0,True,1024,True,1024,-1,-1,group=translate_H-full_conv_hc=3-bn=True-drop=0.0-seed5,True,True,False,,5,5,750000,750000,147,3,3,False
93,group=trivial-full_conv_hc=3-bn=True-drop=0.0-seed5,57,739.9489150047302,0.2549046277999878,0.9186999797821044,15.579774752083337,0.07212864769830431,4.916361630049086,2683.0,0.9384765625,7500000.0,13712.272006469657,{'runtime': 738},0.2671533524990082,1709110887.037557,0.18997229635715485,0.9232316613197328,2736,0.0003577333333333333,2803,2713.682399135332,1.0048348936710958,False,trivial,5,5,0,True,1024,True,1024,-1,-1,group=trivial-full_conv_hc=3-bn=True-drop=0.0-seed5,True,True,False,,5,5,750000,750000,147,3,3,False
94,group=translate_HW-full_conv_hc=1-bn=True-drop=0.0-seed5,91,1128.6621589660645,0.3375558853149414,0.8963000178337097,14.957300772005208,0.023515000340558152,23.704266197798805,748.0,0.8994140625,7500000.0,17782.20451484565,{'runtime': 1127},0.3405970633029938,1709110126.6053689,0.3293285369873047,0.9037057161331176,4368,9.973333333333334e-05,4469,2266.8999165832065,3.0552993273727607,False,translate_HW,5,5,0,True,1024,True,1024,-1,-1,group=translate_HW-full_conv_hc=1-bn=True-drop=0.0-seed5,True,True,False,,5,5,750000,750000,49,1,1,False
95,group=translate_H-full_conv_hc=1-bn=True-drop=0.0-seed5,27,584.5145537853241,0.6497569680213928,0.7874000072479248,11.7073563211263,0.050002094523185714,11.33621896127146,770.0,0.82421875,7500000.0,8966.652962495376,{'runtime': 583},0.671981930732727,1709108980.36507,0.5531225800514221,0.7996686697006226,1296,0.00010266666666666666,1333,1521.4254059917291,1.9560936396061197,False,translate_H,5,5,0,True,1024,True,1024,-1,-1,group=translate_H-full_conv_hc=1-bn=True-drop=0.0-seed5,True,True,False,,5,5,750000,750000,49,1,1,False
96,group=trivial-full_conv_hc=1-bn=True-drop=0.0-seed5,57,731.6325640678406,0.4354014694690704,0.8561999797821045,14.97564028577474,0.04599986184843931,17.09347798198411,715.0,0.8603515625,7500000.0,13127.447748319828,{'runtime': 730},0.4562089741230011,1709108379.991123,0.4348395168781281,0.8595651984214783,2736,9.533333333333332e-05,2803,1614.0516642365835,2.194398761363602,False,trivial,5,5,0,True,1024,True,1024,-1,-1,group=trivial-full_conv_hc=1-bn=True-drop=0.0-seed5,True,True,False,,5,5,750000,750000,49,1,1,False
97,group=translate_HW-full_conv_hc=49-bn=True-drop=0.0-seed4,18,5984.108639717102,0.12053482979536057,0.9659000039100648,22.22504579459635,0.05477480289904781,0.28708362645481533,195955.0,0.998046875,7500000.0,54440.80132499148,{'runtime': 5982},0.13107776641845703,1709110731.1753416,0.008938494138419628,0.98994117975235,864,0.026127333333333336,891,42605.535930239595,0.21784234237335656,False,translate_HW,4,4,0,True,1024,True,1024,-1,-1,group=translate_HW-full_conv_hc=49-bn=True-drop=0.0-seed4,True,True,False,,5,5,750000,750000,2401,49,49,False
98,group=translate_H-full_conv_hc=49-bn=True-drop=0.0-seed4,25,3631.929143667221,0.1437910944223404,0.9559999704360962,15.619784643164063,0.04125314766034231,0.2361778601153728,44468.0,0.9677734375,7500000.0,9929.65944710422,{'runtime': 3630},0.15621981024742126,1709107632.8202918,0.09133334457874298,0.964785635471344,1200,0.0059290666666666665,1235,4326.586575502937,0.0969253591175461,False,translate_H,4,4,0,True,1024,True,1024,-1,-1,group=translate_H-full_conv_hc=49-bn=True-drop=0.0-seed4,True,True,False,,5,5,750000,750000,2401,49,49,False
99,group=trivial-full_conv_hc=49-bn=True-drop=0.0-seed4,41,2116.975449323654,0.21698319911956787,0.9314000010490416,16.185996307812502,0.04850383835919064,0.09694591898763875,141663.0,0.943359375,7500000.0,13724.632972810869,{'runtime': 2115},0.23243816196918488,1709104731.1733434,0.1729581356048584,0.9421321153640748,1968,0.0188884,2018,10785.0769877435,0.07589349807434309,False,trivial,4,4,0,True,1024,True,1024,-1,-1,group=trivial-full_conv_hc=49-bn=True-drop=0.0-seed4,True,True,False,,5,5,750000,750000,2401,49,49,False
100,group=translate_HW-full_conv_hc=19-bn=True-drop=0.0-seed4,11,1809.632362127304,0.23608613014221191,0.9294000267982484,16.15866406686198,0.049951041615925014,0.8252125949545208,20053.0,0.98046875,7500000.0,16204.469034714471,{'runtime': 1808},0.2577379047870636,1709103985.439207,0.05310548469424248,0.9749966263771056,528,0.0026737333333333333,549,6912.3770840323705,0.34436916163084125,False,translate_HW,4,4,0,True,1024,True,1024,-1,-1,group=translate_HW-full_conv_hc=19-bn=True-drop=0.0-seed4,True,True,False,,5,5,750000,750000,931,19,19,False
101,group=translate_H-full_conv_hc=19-bn=True-drop=0.0-seed4,41,1298.3077266216278,0.1191556751728058,0.961300015449524,15.391608598632814,0.04360417295584769,0.4241320249685469,75230.0,0.984375,7500000.0,29821.74300436436,{'runtime': 1297},0.1371982991695404,1709102595.4018247,0.051139745861291885,0.9720550179481506,1968,0.010030666666666669,2018,20775.301842997374,0.27583608094086065,False,translate_H,4,4,0,True,1024,True,1024,-1,-1,group=translate_H-full_conv_hc=19-bn=True-drop=0.0-seed4,True,True,False,,5,5,750000,750000,931,19,19,False
102,group=trivial-full_conv_hc=19-bn=True-drop=0.0-seed4,50,935.4622850418092,0.19071903824806213,0.9368000030517578,13.641329636490886,0.018069705177591024,0.6238589763916753,15568.0,0.943359375,7500000.0,9028.28855813974,{'runtime': 934},0.1976209282875061,1709102162.825536,0.17675864696502686,0.9460711479187012,2400,0.0020757333333333338,2460,2791.86356512605,0.18099493382133988,False,trivial,4,4,0,True,1024,True,1024,-1,-1,group=trivial-full_conv_hc=19-bn=True-drop=0.0-seed4,True,True,False,,5,5,750000,750000,931,19,19,False
103,group=translate_HW-full_conv_hc=7-bn=True-drop=0.0-seed4,21,866.9612607955933,0.1221463605761528,0.9628999829292296,16.188167914843753,0.03988432135872607,1.8500397846981187,31113.0,0.9765625,7500000.0,57213.42377491034,{'runtime': 865},0.13645212352275848,1709101278.8649638,0.07102428376674652,0.975926399230957,1008,0.0041484,1038,25598.175909088222,0.8282447058044811,False,translate_HW,4,4,0,True,1024,True,1024,-1,-1,group=translate_HW-full_conv_hc=7-bn=True-drop=0.0-seed4,True,True,False,,5,5,750000,750000,343,7,7,False
104,group=translate_H-full_conv_hc=7-bn=True-drop=0.0-seed4,23,684.7841475009918,0.18115365505218503,0.9408000111579896,11.73048606373698,0.0422962715004239,1.478787319760965,6234.0,0.955078125,7500000.0,8782.267529132983,{'runtime': 683},0.18380369246006012,1709101213.0327635,0.13291864097118378,0.9515485763549804,1104,0.0008312,1137,3334.313394096127,0.5335798661472337,False,translate_H,4,4,0,True,1024,True,1024,-1,-1,group=translate_H-full_conv_hc=7-bn=True-drop=0.0-seed4,True,True,False,,5,5,750000,750000,343,7,7,False
105,group=trivial-full_conv_hc=7-bn=True-drop=0.0-seed4,18,508.99079751968384,0.3169514536857605,0.8988999724388123,10.006394402311198,0.03062267351774192,1.0333308852781888,5764.0,0.9072265625,7500000.0,5822.156544460548,{'runtime': 507},0.31433039903640747,1709100511.6603894,0.29927268624305725,0.9121416211128236,864,0.0007685333333333333,892,2081.289345186038,0.36069545029329486,False,trivial,4,4,0,True,1024,True,1024,-1,-1,group=trivial-full_conv_hc=7-bn=True-drop=0.0-seed4,True,True,False,,5,5,750000,750000,343,7,7,False
106,group=translate_HW-full_conv_hc=3-bn=True-drop=0.0-seed4,38,912.9447717666626,0.1812271624803543,0.942900002002716,16.346174749739582,0.03859920587751779,4.24139974487955,12026.0,0.9580078125,7500000.0,49570.97114801515,{'runtime': 911},0.19092348217964172,1709100390.3045547,0.14946480095386505,0.9531714916229248,1824,0.0016034666666666663,1871,16381.984567051057,1.371263277543009,False,translate_HW,4,4,0,True,1024,True,1024,-1,-1,group=translate_HW-full_conv_hc=3-bn=True-drop=0.0-seed4,True,True,False,,5,5,750000,750000,147,3,3,False
107,group=translate_H-full_conv_hc=3-bn=True-drop=0.0-seed4,60,858.9359891414642,0.2144745886325836,0.932200014591217,15.02546748248698,0.03988272353485027,6.153624864618468,2505.0,0.9375,7500000.0,15014.112281324073,{'runtime': 857},0.2140830010175705,1709099987.4836512,0.18974684178829193,0.939342737197876,2880,0.000334,2950,3303.7197041704494,1.3302630546769991,False,translate_H,4,4,0,True,1024,True,1024,-1,-1,group=translate_H-full_conv_hc=3-bn=True-drop=0.0-seed4,True,True,False,,5,5,750000,750000,147,3,3,False
108,group=trivial-full_conv_hc=3-bn=True-drop=0.0-seed4,60,854.7431094646454,0.25230756402015686,0.9160000085830688,12.664423319140626,0.03936365993007088,2.371416522616617,10321.0,0.919921875,7500000.0,24481.10901534046,{'runtime': 853},0.259948194026947,1709099460.4899185,0.26424384117126465,0.9230456948280334,2880,0.0013761333333333332,2949,8997.493786801875,0.8728451338758308,False,trivial,4,4,0,True,1024,True,1024,-1,-1,group=trivial-full_conv_hc=3-bn=True-drop=0.0-seed4,True,True,False,,5,5,750000,750000,147,3,3,False
109,group=translate_HW-full_conv_hc=1-bn=True-drop=0.0-seed4,99,1399.5299587249756,0.3189399540424347,0.9017000198364258,17.94888501048177,0.033060640042957154,23.337055066428384,2809.0,0.908203125,7500000.0,63648.40004299217,{'runtime': 1398},0.31773531436920166,1709098584.2239678,0.2992774248123169,0.905785083770752,4752,0.0003745333333333333,4860,9655.087489651516,3.4935374501542222,False,translate_HW,4,4,0,True,1024,True,1024,-1,-1,group=translate_HW-full_conv_hc=1-bn=True-drop=0.0-seed4,True,True,False,,5,5,750000,750000,49,1,1,False
110,group=translate_H-full_conv_hc=1-bn=True-drop=0.0-seed4,45,802.886093378067,0.5638815760612488,0.8215000033378601,12.577493156282552,0.04193466715340468,12.683372305386316,2950.0,0.84375,7500000.0,35233.61039163399,{'runtime': 801},0.5703557133674622,1709097169.2911773,0.507705807685852,0.8253482580184937,2160,0.0003933333333333333,2214,6337.2423084992915,2.17297153574068,False,translate_H,4,4,0,True,1024,True,1024,-1,-1,group=translate_H-full_conv_hc=1-bn=True-drop=0.0-seed4,True,True,False,,5,5,750000,750000,49,1,1,False
111,group=trivial-full_conv_hc=1-bn=True-drop=0.0-seed4,60,837.6441752910614,0.467472642660141,0.8461999893188477,13.436175490527344,0.03731798336809817,11.738452198070258,4015.0,0.8798828125,7500000.0,52656.63196733118,{'runtime': 836},0.4534814357757568,1709096343.7662213,0.3950532078742981,0.856961727142334,2880,0.0005353333333333333,2949,8537.898700092454,2.038067677890151,False,trivial,4,4,0,True,1024,True,1024,-1,-1,group=trivial-full_conv_hc=1-bn=True-drop=0.0-seed4,True,True,False,,5,5,750000,750000,49,1,1,False
112,group=translate_HW-full_conv_hc=49-bn=True-drop=0.0-seed3,15,5889.301044225693,0.15133272111415863,0.96069997549057,21.527610093619792,0.0645285348355801,0.5489439629644284,50846.0,0.9892578125,7500000.0,26043.87610573991,{'runtime': 5888},0.15142644941806793,1709099112.4566252,0.044462937861680984,0.986847460269928,720,0.006779466666666667,745,8824.947489641549,0.17368901447303936,False,translate_HW,3,3,0,True,1024,True,1024,-1,-1,group=translate_HW-full_conv_hc=49-bn=True-drop=0.0-seed3,True,True,False,,5,5,750000,750000,2401,49,49,False
113,group=translate_H-full_conv_hc=49-bn=True-drop=0.0-seed3,20,2972.1084775924683,0.14555470645427704,0.9538999795913696,13.524849171679689,0.049835702912845115,0.12349862068674104,161542.0,0.974609375,7500000.0,20144.77759213964,{'runtime': 2971},0.15328896045684814,1709095489.2891626,0.07738678902387619,0.9636529684066772,960,0.021538933333333333,989,14628.281203289847,0.09028869767982578,False,translate_H,3,3,0,True,1024,True,1024,-1,-1,group=translate_H-full_conv_hc=49-bn=True-drop=0.0-seed3,True,True,False,,5,5,750000,750000,2401,49,49,False
114,group=trivial-full_conv_hc=49-bn=True-drop=0.0-seed3,39,1876.6295709609983,0.19804958999156952,0.9365000128746032,15.556597014973956,0.016047642006074538,0.23632271143786077,37928.0,0.947265625,7500000.0,8507.692948285865,{'runtime': 1875},0.21589726209640503,1709093208.477227,0.15571041405200958,0.941117823123932,1872,0.005057066666666667,1921,2749.626436937455,0.07198086015790946,False,trivial,3,3,0,True,1024,True,1024,-1,-1,group=trivial-full_conv_hc=49-bn=True-drop=0.0-seed3,True,True,False,,5,5,750000,750000,2401,49,49,False
115,group=translate_HW-full_conv_hc=19-bn=True-drop=0.0-seed3,14,1888.0509831905365,0.11519771814346312,0.9650999903678894,18.325668130533856,0.04384578069120414,0.6191003926305297,83069.0,0.98828125,7500000.0,49754.28054186942,{'runtime': 1886},0.12643741071224213,1709092501.9681993,0.03848873823881149,0.9831789135932922,672,0.011075866666666666,695,31838.35031386651,0.38220682641508225,False,translate_HW,3,3,0,True,1024,True,1024,-1,-1,group=translate_HW-full_conv_hc=19-bn=True-drop=0.0-seed3,True,True,False,,5,5,750000,750000,931,19,19,False
116,group=translate_H-full_conv_hc=19-bn=True-drop=0.0-seed3,38,1283.089549779892,0.12532690167427063,0.959500014781952,14.932524650097657,0.04746532519214965,0.7125965061319501,18428.0,0.9775390625,7500000.0,12765.0122047254,{'runtime': 1282},0.1316765546798706,1709091313.07734,0.08682481199502945,0.9707702398300172,1824,0.0024570666666666663,1872,4848.00710598618,0.2615158571060052,False,translate_H,3,3,0,True,1024,True,1024,-1,-1,group=translate_H-full_conv_hc=19-bn=True-drop=0.0-seed3,True,True,False,,5,5,750000,750000,931,19,19,False
117,group=trivial-full_conv_hc=19-bn=True-drop=0.0-seed3,48,993.97212266922,0.18712034821510315,0.940400004386902,13.219493477441407,0.041826887852907925,0.2835396414862451,63000.0,0.94921875,7500000.0,17967.540113250685,{'runtime': 992},0.1994333267211914,1709090598.2089937,0.1517079770565033,0.9455808997154236,2304,0.008400000000000001,2361,10435.216922007254,0.1649699210100545,False,trivial,3,3,0,True,1024,True,1024,-1,-1,group=trivial-full_conv_hc=19-bn=True-drop=0.0-seed3,True,True,False,,5,5,750000,750000,931,19,19,False
118,group=translate_HW-full_conv_hc=7-bn=True-drop=0.0-seed3,23,751.4964737892151,0.15978674590587616,0.9519000053405762,17.16829395813802,0.11426376930243284,2.5152591203027117,7852.0,0.982421875,7500000.0,19182.70412458543,{'runtime': 750},0.1605305373668671,1709090015.3421798,0.059639181941747665,0.9749121069908142,1104,0.0010469333333333337,1137,6549.734872866771,0.8346629129567897,False,translate_HW,3,3,0,True,1024,True,1024,-1,-1,group=translate_HW-full_conv_hc=7-bn=True-drop=0.0-seed3,True,True,False,,5,5,750000,750000,343,7,7,False
119,group=translate_H-full_conv_hc=7-bn=True-drop=0.0-seed3,37,879.3054633140564,0.15963229537010193,0.9491999745368958,14.496202766503904,0.03698215935114776,1.0495335625017117,28488.0,0.9609375,7500000.0,29056.64817414853,{'runtime': 878},0.1657053530216217,1709089585.6716125,0.1333991438150406,0.9571781158447266,1776,0.0037984,1822,17030.557703929953,0.5973080127454188,False,translate_H,3,3,0,True,1024,True,1024,-1,-1,group=translate_H-full_conv_hc=7-bn=True-drop=0.0-seed3,True,True,False,,5,5,750000,750000,343,7,7,False
120,group=trivial-full_conv_hc=7-bn=True-drop=0.0-seed3,39,659.8863129615784,0.2324120402336121,0.9243000149726868,11.53781186500651,0.03156930074919599,1.3762588627755057,6079.0,0.9462890625,7500000.0,8235.40639628793,{'runtime': 658},0.23890380561351776,1709089248.88738,0.18768367171287537,0.9330876469612122,1872,0.0008105333333333333,1921,2550.119785102939,0.4197714099675608,False,trivial,3,3,0,True,1024,True,1024,-1,-1,group=trivial-full_conv_hc=7-bn=True-drop=0.0-seed3,True,True,False,,5,5,750000,750000,343,7,7,False
121,group=translate_HW-full_conv_hc=3-bn=True-drop=0.0-seed3,28,831.8694484233856,0.21522687375545504,0.9329000115394592,13.425158661458337,0.0398490463686434,3.706533956704796,10518.0,0.94921875,7500000.0,38310.10418083405,{'runtime': 830},0.21900396049022677,1709088684.0644674,0.15189160406589508,0.9492155909538268,1344,0.0014024,1381,12160.566982008168,1.161779848759488,False,translate_HW,3,3,0,True,1024,True,1024,-1,-1,group=translate_HW-full_conv_hc=3-bn=True-drop=0.0-seed3,True,True,False,,5,5,750000,750000,147,3,3,False
122,group=translate_H-full_conv_hc=3-bn=True-drop=0.0-seed3,38,714.1554019451141,0.2661449909210205,0.9180999994277954,12.561313432421873,0.07843583921111841,4.071507829348141,2596.0,0.9453125,7500000.0,10311.693789477047,{'runtime': 713},0.2722519636154175,1709088571.969786,0.18859755992889404,0.9303658604621888,1824,0.0003461333333333333,1872,2634.1809772067936,1.015087897724845,False,translate_H,3,3,0,True,1024,True,1024,-1,-1,group=translate_H-full_conv_hc=3-bn=True-drop=0.0-seed3,True,True,False,,5,5,750000,750000,147,3,3,False
123,group=trivial-full_conv_hc=3-bn=True-drop=0.0-seed3,37,596.5458781719208,0.307203471660614,0.8982999920845032,11.727954029264325,0.05978321778943972,3.2729000998479973,2534.0,0.9208984375,7500000.0,7899.950819556694,{'runtime': 595},0.31669995188713074,1709087839.7805922,0.253697007894516,0.9111610651016236,1776,0.0003378666666666667,1823,2108.440425891077,0.8355471144614282,False,trivial,3,3,0,True,1024,True,1024,-1,-1,group=trivial-full_conv_hc=3-bn=True-drop=0.0-seed3,True,True,False,,5,5,750000,750000,147,3,3,False
124,group=translate_HW-full_conv_hc=1-bn=True-drop=0.0-seed3,106,1260.6335234642029,0.30187955498695374,0.9092000126838684,17.093240352148435,0.046649005962631496,32.07171257165584,583.0,0.9189453125,7500000.0,18888.908193558545,{'runtime': 1259},0.31927183270454407,1709087228.4016185,0.2388925701379776,0.9089971780776978,5088,7.773333333333333e-05,5204,2092.2376268925145,3.619733620611882,False,translate_HW,3,3,0,True,1024,True,1024,-1,-1,group=translate_HW-full_conv_hc=1-bn=True-drop=0.0-seed3,True,True,False,,5,5,750000,750000,49,1,1,False
125,group=translate_H-full_conv_hc=1-bn=True-drop=0.0-seed3,48,731.7734754085541,0.5418488383293152,0.8264999985694885,12.003486050683597,0.07760417547987265,12.02987959410486,707.0,0.8310546875,7500000.0,8451.32098808487,{'runtime': 730},0.57317715883255,1709085949.1800053,0.5176949501037598,0.8319414258003235,2304,9.426666666666666e-05,2362,1444.445224165218,2.0158342489716827,False,translate_H,3,3,0,True,1024,True,1024,-1,-1,group=translate_H-full_conv_hc=1-bn=True-drop=0.0-seed3,True,True,False,,5,5,750000,750000,49,1,1,False
126,group=trivial-full_conv_hc=1-bn=True-drop=0.0-seed3,48,670.3079645633698,0.5050754547119141,0.8352000117301941,13.743774455403644,0.034402778064105285,19.114231493761302,658.0,0.8583984375,7500000.0,13793.075296740964,{'runtime': 669},0.5072505474090576,1709085200.8623395,0.4776669442653656,0.8473086357116699,2304,8.773333333333333e-05,2362,1485.1698103407398,2.155800615248073,False,trivial,3,3,0,True,1024,True,1024,-1,-1,group=trivial-full_conv_hc=1-bn=True-drop=0.0-seed3,True,True,False,,5,5,750000,750000,49,1,1,False
127,group=translate_HW-full_conv_hc=49-bn=True-drop=0.0-seed2,16,6005.561994075775,0.16365845501422882,0.9534000158309937,21.97861736907552,0.053574685160456846,0.26507207044835,189688.0,0.9931640625,7500000.0,50804.46417217262,{'runtime': 6004},0.158377543091774,1709087834.285423,0.02405082806944847,0.9860190749168396,768,0.025291733333333333,793,37209.31537491921,0.19624736268757864,False,translate_HW,2,2,0,True,1024,True,1024,-1,-1,group=translate_HW-full_conv_hc=49-bn=True-drop=0.0-seed2,True,True,False,,5,5,750000,750000,2401,49,49,False
128,group=translate_H-full_conv_hc=49-bn=True-drop=0.0-seed2,19,3550.149773836136,0.16229455173015594,0.949899971485138,14.257215602571614,0.04237834363568388,0.19788284778483956,45014.0,0.953125,7500000.0,8414.289933448565,{'runtime': 3548},0.16097255051136017,1709084511.330556,0.1428607702255249,0.9605254530906676,912,0.006001866666666666,941,3843.191487536955,0.08529033465830406,False,translate_H,2,2,0,True,1024,True,1024,-1,-1,group=translate_H-full_conv_hc=49-bn=True-drop=0.0-seed2,True,True,False,,5,5,750000,750000,2401,49,49,False
129,group=trivial-full_conv_hc=49-bn=True-drop=0.0-seed2,33,2035.212884426117,0.20564374327659607,0.9362999796867372,15.43874727473958,0.04785854182911164,0.14161186919685056,138902.0,0.9423828125,7500000.0,19962.519289603468,{'runtime': 2034},0.1912815272808075,1709081810.0883474,0.17654332518577576,0.9399005770683287,1584,0.018520266666666667,1626,10012.934651618009,0.07099637898467749,False,trivial,2,2,0,True,1024,True,1024,-1,-1,group=trivial-full_conv_hc=49-bn=True-drop=0.0-seed2,True,True,False,,5,5,750000,750000,2401,49,49,False
130,group=translate_HW-full_conv_hc=19-bn=True-drop=0.0-seed2,16,1817.2157554626465,0.15823382139205933,0.95660001039505,19.25787849388021,0.05221509853273072,1.1857513138964335,20949.0,0.994140625,7500000.0,22978.426887822792,{'runtime': 1816},0.1443525403738022,1709080945.8035064,0.027987120673060417,0.9848694801330566,768,0.0027932000000000005,794,8328.45436027195,0.3966845926153297,False,translate_HW,2,2,0,True,1024,True,1024,-1,-1,group=translate_HW-full_conv_hc=19-bn=True-drop=0.0-seed2,True,True,False,,5,5,750000,750000,931,19,19,False
131,group=translate_H-full_conv_hc=19-bn=True-drop=0.0-seed2,18,1081.822467803955,0.14887531101703644,0.9534000158309937,11.743410853222656,0.04242613643311584,0.4325084852807171,71638.0,0.9697265625,7500000.0,27841.495971143875,{'runtime': 1080},0.14718011021614075,1709079755.7757175,0.09332199394702911,0.9594773054122924,864,0.009551733333333336,891,14574.818601943784,0.20474569206833,False,translate_H,2,2,0,True,1024,True,1024,-1,-1,group=translate_H-full_conv_hc=19-bn=True-drop=0.0-seed2,True,True,False,,5,5,750000,750000,931,19,19,False
132,group=trivial-full_conv_hc=19-bn=True-drop=0.0-seed2,43,857.5633738040924,0.1995910108089447,0.9373999834060668,13.52187834902344,0.018950611772652413,0.5656083434924988,14995.0,0.9541015625,7500000.0,7952.13125075778,{'runtime': 856},0.18628691136837008,1709079113.117484,0.13856469094753265,0.9444651007652284,2064,0.0019993333333333334,2117,2638.588084024799,0.1755114468732711,False,trivial,2,2,0,True,1024,True,1024,-1,-1,group=trivial-full_conv_hc=19-bn=True-drop=0.0-seed2,True,True,False,,5,5,750000,750000,931,19,19,False
133,group=translate_HW-full_conv_hc=7-bn=True-drop=0.0-seed2,13,777.3470973968506,0.14262236654758453,0.957099974155426,13.63818491419271,0.04060371905499826,1.0037528903141828,29989.0,0.9775390625,7500000.0,29498.499950330155,{'runtime': 776},0.1326483190059662,1709078647.8750515,0.08964937925338745,0.9686062932014464,624,0.0039985333333333335,646,17825.489511329622,0.597249228515701,False,translate_HW,2,2,0,True,1024,True,1024,-1,-1,group=translate_HW-full_conv_hc=7-bn=True-drop=0.0-seed2,True,True,False,,5,5,750000,750000,343,7,7,False
134,group=translate_H-full_conv_hc=7-bn=True-drop=0.0-seed2,37,796.2414014339447,0.1813628077507019,0.9424999952316284,13.547247809765626,0.04830306675948669,1.98520680759665,6569.0,0.9599609375,7500000.0,12060.47983628824,{'runtime': 795},0.17134970426559448,1709078236.9777603,0.1319800168275833,0.9583277106285096,1776,0.0008758666666666666,1823,3883.4767645032553,0.5938274681468552,False,translate_H,2,2,0,True,1024,True,1024,-1,-1,group=translate_H-full_conv_hc=7-bn=True-drop=0.0-seed2,True,True,False,,5,5,750000,750000,343,7,7,False
135,group=trivial-full_conv_hc=7-bn=True-drop=0.0-seed2,60,884.7660291194916,0.2027713656425476,0.9352999925613404,12.950881198795576,0.039614031590518926,0.9514627046085422,24032.0,0.9404296875,7500000.0,22766.272185460504,{'runtime': 883},0.19110235571861267,1709077849.7517922,0.20011283457279205,0.9423518776893616,2880,0.003204266666666667,2949,10987.81658879119,0.4523550951853431,False,trivial,2,2,0,True,1024,True,1024,-1,-1,group=trivial-full_conv_hc=7-bn=True-drop=0.0-seed2,True,True,False,,5,5,750000,750000,343,7,7,False
136,group=translate_HW-full_conv_hc=3-bn=True-drop=0.0-seed2,40,791.5791780948639,0.15876469016075134,0.9506000280380248,16.50671246653646,0.07006798284807154,6.6248405336690395,2724.0,0.9560546875,7500000.0,17301.307334460464,{'runtime': 790},0.1601584106683731,1709077423.396883,0.13184192776679993,0.958581268787384,1920,0.0003632,1970,3916.564412277075,1.4653613294525665,False,translate_HW,2,2,0,True,1024,True,1024,-1,-1,group=translate_HW-full_conv_hc=3-bn=True-drop=0.0-seed2,True,True,False,,5,5,750000,750000,147,3,3,False
137,group=translate_H-full_conv_hc=3-bn=True-drop=0.0-seed2,48,867.9371864795685,0.22209025919437408,0.9297000169754028,12.928940626953125,0.03910455029409807,2.5410201377526898,10770.0,0.9267578125,7500000.0,26959.18463719444,{'runtime': 866},0.2243971675634384,1709076947.8041506,0.21669253706932068,0.9364180564880372,2304,0.0014360000000000002,2361,10401.834326636805,0.9688137517097396,False,translate_H,2,2,0,True,1024,True,1024,-1,-1,group=translate_H-full_conv_hc=3-bn=True-drop=0.0-seed2,True,True,False,,5,5,750000,750000,147,3,3,False
138,group=trivial-full_conv_hc=3-bn=True-drop=0.0-seed2,38,627.4874053001404,0.28960883617401123,0.906499981880188,13.498999487044273,0.04537829207467782,4.021603669648994,2627.0,0.91015625,7500000.0,10480.677068293564,{'runtime': 626},0.2718212306499481,1709076615.4624014,0.28339648246765137,0.9118542075157166,1824,0.00035026666666666665,1872,2485.2697318215396,0.9404308576061552,False,trivial,2,2,0,True,1024,True,1024,-1,-1,group=trivial-full_conv_hc=3-bn=True-drop=0.0-seed2,True,True,False,,5,5,750000,750000,147,3,3,False
139,group=translate_HW-full_conv_hc=1-bn=True-drop=0.0-seed2,75,1038.4257094860077,0.32327356934547424,0.901199996471405,13.633063365462238,0.05705617255050329,16.730977950487098,752.0,0.9013671875,7500000.0,12635.39260128692,{'runtime': 1037},0.32361075282096863,1709075969.9221356,0.29294663667678833,0.8992933630943298,3600,0.00010026666666666667,3685,1996.8760695890523,2.6864078040930055,False,translate_HW,2,2,0,True,1024,True,1024,-1,-1,group=translate_HW-full_conv_hc=1-bn=True-drop=0.0-seed2,True,True,False,,5,5,750000,750000,49,1,1,False
140,group=translate_H-full_conv_hc=1-bn=True-drop=0.0-seed2,76,932.597974061966,0.4839404821395874,0.8413000106811523,15.455048951529946,0.1089151586410998,18.90105920411962,611.0,0.845703125,7500000.0,11266.982573382204,{'runtime': 931},0.48098769783973694,1709074910.7948132,0.49132296442985535,0.8501994609832764,3648,8.146666666666666e-05,3734,1610.1372793715564,2.6515905088224905,False,translate_H,2,2,0,True,1024,True,1024,-1,-1,group=translate_H-full_conv_hc=1-bn=True-drop=0.0-seed2,True,True,False,,5,5,750000,750000,49,1,1,False
141,group=trivial-full_conv_hc=1-bn=True-drop=0.0-seed2,68,815.9049916267395,0.4416125118732453,0.8575000166893005,12.571561696940105,0.0505816285458465,14.813826986668651,845.0,0.85546875,7500000.0,13748.505890391512,{'runtime': 813},0.4303654432296753,1709073962.4750907,0.41183212399482727,0.8622024655342102,3264,0.00011266666666666666,3342,1804.8153416477144,2.0803142980521265,False,trivial,2,2,0,True,1024,True,1024,-1,-1,group=trivial-full_conv_hc=1-bn=True-drop=0.0-seed2,True,True,False,,5,5,750000,750000,49,1,1,False
142,group=translate_HW-full_conv_hc=49-bn=True-drop=0.0-seed1,17,5844.7642476558685,0.10776170343160628,0.9707000255584716,22.237473618098957,0.05273908765573282,0.25738616170083134,188853.0,0.990234375,7500000.0,48845.3563924717,{'runtime': 5843},0.09876830130815506,1709076063.0263846,0.034371595829725266,0.988453447818756,816,0.0251804,842,36772.28568503389,0.19508678980573052,False,translate_HW,1,1,0,True,1024,True,1024,-1,-1,group=translate_HW-full_conv_hc=49-bn=True-drop=0.0-seed1,True,True,False,,5,5,750000,750000,2401,49,49,False
143,group=translate_H-full_conv_hc=49-bn=True-drop=0.0-seed1,34,3749.6557354927063,0.1320924013853073,0.9593999981880188,15.354194001953124,0.04629894851612597,0.2353395168495703,46073.0,0.9765625,7500000.0,9867.069254642633,{'runtime': 3748},0.13139934837818146,1709073127.1021996,0.06395871937274933,0.9708547592163086,1632,0.006143066666666667,1676,4840.680204950933,0.10513575851216564,False,translate_H,1,1,0,True,1024,True,1024,-1,-1,group=translate_H-full_conv_hc=49-bn=True-drop=0.0-seed1,True,True,False,,5,5,750000,750000,2401,49,49,False
144,group=trivial-full_conv_hc=49-bn=True-drop=0.0-seed1,58,2274.939325094223,0.1842703074216843,0.9406999945640564,17.125590938346356,0.047679362895605995,0.11714677992771712,145912.0,0.943359375,7500000.0,15851.604314266153,{'runtime': 2273},0.1705038994550705,1709070200.7800982,0.1716523319482803,0.952444553375244,2784,0.019454933333333337,2851,12255.31179465627,0.08361496656229336,False,trivial,1,1,0,True,1024,True,1024,-1,-1,group=trivial-full_conv_hc=49-bn=True-drop=0.0-seed1,True,True,False,,5,5,750000,750000,2401,49,49,False
145,group=translate_HW-full_conv_hc=19-bn=True-drop=0.0-seed1,16,1821.3245830535889,0.14563941955566406,0.958299994468689,19.802765826041668,0.06719063188266401,1.3990991746694852,21159.0,0.990234375,7500000.0,27304.25832987664,{'runtime': 1820},0.14049482345581055,1709069361.963831,0.03184480220079422,0.9845651984214784,768,0.0028212,794,8948.483278830448,0.4240904384164923,False,translate_HW,1,1,0,True,1024,True,1024,-1,-1,group=translate_HW-full_conv_hc=19-bn=True-drop=0.0-seed1,True,True,False,,5,5,750000,750000,931,19,19,False
146,group=translate_H-full_conv_hc=19-bn=True-drop=0.0-seed1,38,1263.4745030403135,0.14995425939559937,0.9524000287055968,16.40788806139323,0.0438149398203276,0.4174398128284243,75593.0,0.9716796875,7500000.0,31074.438304969855,{'runtime': 1262},0.14933770895004272,1709067906.059797,0.07738351076841354,0.9707363843917848,1824,0.010079066666666667,1871,21907.23601162297,0.2897982069762268,False,translate_H,1,1,0,True,1024,True,1024,-1,-1,group=translate_H-full_conv_hc=19-bn=True-drop=0.0-seed1,True,True,False,,5,5,750000,750000,931,19,19,False
147,group=trivial-full_conv_hc=19-bn=True-drop=0.0-seed1,69,1075.31960105896,0.16039875149726868,0.94760000705719,13.462826799381508,0.0165593660038443,0.6038614973029114,15050.0,0.95703125,7500000.0,8362.097823624159,{'runtime': 1074},0.1628454625606537,1709067525.3193831,0.14975032210350037,0.9537124633789062,3312,0.002006666666666667,3391,2838.8005753667385,0.18994742688902724,False,trivial,1,1,0,True,1024,True,1024,-1,-1,group=trivial-full_conv_hc=19-bn=True-drop=0.0-seed1,True,True,False,,5,5,750000,750000,931,19,19,False
148,group=translate_HW-full_conv_hc=7-bn=True-drop=0.0-seed1,24,882.1223831176758,0.16884031891822815,0.9484000205993652,18.14595091035156,0.03819200046067724,2.6414319233495456,29507.0,0.9736328125,7500000.0,83392.9057414437,{'runtime': 881},0.16890153288841248,1709066620.8331711,0.08133915066719055,0.974945902824402,1152,0.003934266666666667,1185,27366.7857484658,0.919822513218454,False,translate_HW,1,1,0,True,1024,True,1024,-1,-1,group=translate_HW-full_conv_hc=7-bn=True-drop=0.0-seed1,True,True,False,,5,5,750000,750000,343,7,7,False
149,group=translate_H-full_conv_hc=7-bn=True-drop=0.0-seed1,23,677.880295753479,0.21184077858924863,0.9318000078201294,12.767920509895834,0.060351241258695086,1.790643549174613,6618.0,0.9375,7500000.0,11522.49059492192,{'runtime': 676},0.21795819699764252,1709066436.3132248,0.184843972325325,0.9490634202957152,1104,0.0008824,1137,3682.9597678476257,0.555536997461681,False,translate_H,1,1,0,True,1024,True,1024,-1,-1,group=translate_H-full_conv_hc=7-bn=True-drop=0.0-seed1,True,True,False,,5,5,750000,750000,343,7,7,False
150,group=trivial-full_conv_hc=7-bn=True-drop=0.0-seed1,41,728.73055768013,0.20459236204624176,0.9323999881744384,12.118974657747396,0.0397765975556225,0.7331479129541387,23852.0,0.943359375,7500000.0,18033.27255868374,{'runtime': 727},0.2104918658733368,1709065720.9566877,0.17954684793949127,0.9369928240776062,1968,0.0031802666666666665,2018,10117.65040351922,0.4149210433984094,False,trivial,1,1,0,True,1024,True,1024,-1,-1,group=trivial-full_conv_hc=7-bn=True-drop=0.0-seed1,True,True,False,,5,5,750000,750000,343,7,7,False
151,group=translate_HW-full_conv_hc=3-bn=True-drop=0.0-seed1,44,811.5222964286804,0.18175029754638672,0.9426000118255616,15.635060311393229,0.03671320575001781,6.851400125305704,2526.0,0.9638671875,7500000.0,16543.981654042014,{'runtime': 810},0.1716785579919815,1709065744.0576684,0.10879916697740556,0.9558425545692444,2112,0.00033680000000000006,2166,3653.310515853227,1.4594482153135393,False,translate_HW,1,1,0,True,1024,True,1024,-1,-1,group=translate_HW-full_conv_hc=3-bn=True-drop=0.0-seed1,True,True,False,,5,5,750000,750000,147,3,3,False
152,group=translate_H-full_conv_hc=3-bn=True-drop=0.0-seed1,21,639.531397819519,0.2874743342399597,0.9077000021934508,11.880911942220052,0.03801668379343064,2.7319136678021163,11821.0,0.9267578125,7500000.0,29387.027473273527,{'runtime': 638},0.28727447986602783,1709064975.2110229,0.2377610057592392,0.9206789135932922,1008,0.0015761333333333331,1038,10922.057896802988,0.9224622418492352,False,translate_H,1,1,0,True,1024,True,1024,-1,-1,group=translate_H-full_conv_hc=3-bn=True-drop=0.0-seed1,True,True,False,,5,5,750000,750000,147,3,3,False
153,group=trivial-full_conv_hc=3-bn=True-drop=0.0-seed1,50,693.5539367198944,0.2753944396972656,0.9101999998092652,13.59260111533203,0.05070359046091596,3.955400139528971,2494.0,0.927734375,7500000.0,10568.79949047939,{'runtime': 692},0.27528318762779236,1709064914.8924627,0.22484290599823,0.9178726077079772,2400,0.00033253333333333336,2460,2390.029822027731,0.9398979864152868,False,trivial,1,1,0,True,1024,True,1024,-1,-1,group=trivial-full_conv_hc=3-bn=True-drop=0.0-seed1,True,True,False,,5,5,750000,750000,147,3,3,False
154,group=translate_HW-full_conv_hc=1-bn=True-drop=0.0-seed1,130,1424.6430444717407,0.29663485288619995,0.9103000164031982,20.413749038802084,0.03327651677781912,37.90896033989723,578.0,0.9091796875,7500000.0,20780.104707689665,{'runtime': 1423},0.3002226948738098,1709064199.0312734,0.3137642443180084,0.913325011730194,6240,7.706666666666667e-05,6380,2235.3448640825227,3.89822404381563,False,translate_HW,1,1,0,True,1024,True,1024,-1,-1,group=translate_HW-full_conv_hc=1-bn=True-drop=0.0-seed1,True,True,False,,5,5,750000,750000,49,1,1,False
155,group=translate_H-full_conv_hc=1-bn=True-drop=0.0-seed1,53,783.2033076286316,0.5400897264480591,0.8252000212669373,13.796483650390629,0.06085854993027738,16.07117349181803,709.0,0.8525390625,7500000.0,11560.763527731891,{'runtime': 782},0.543782651424408,1709062761.2186856,0.4584420323371887,0.8359480500221252,2544,9.453333333333332e-05,2607,1741.2592839654535,2.434453109514207,False,translate_H,1,1,0,True,1024,True,1024,-1,-1,group=translate_H-full_conv_hc=1-bn=True-drop=0.0-seed1,True,True,False,,5,5,750000,750000,49,1,1,False
156,group=trivial-full_conv_hc=1-bn=True-drop=0.0-seed1,62,775.7403209209442,0.48245272040367126,0.8460999727249146,12.663673839420571,0.0658479073192029,16.195731594506107,757.0,0.87109375,7500000.0,12334.057692342118,{'runtime': 774},0.4693199694156647,1709061963.5183668,0.39802634716033936,0.8574689030647278,2976,0.00010093333333333334,3048,1680.8220173362645,2.203907219488648,False,trivial,1,1,0,True,1024,True,1024,-1,-1,group=trivial-full_conv_hc=1-bn=True-drop=0.0-seed1,True,True,False,,5,5,750000,750000,49,1,1,False
157,group=translate_HW-full_conv_hc=49-bn=True-drop=0.0-seed0,19,5879.015370130539,0.10384809225797652,0.9707000255584716,24.662055872395833,0.05345240630740483,0.26337065259736253,195963.0,1.0,7500000.0,51403.21931865181,{'runtime': 5877},0.10039348155260086,1709064320.113434,0.006046720780432224,0.9918853044509888,912,0.026128400000000003,940,42891.06730055308,0.2189127723606348,False,translate_HW,0,0,0,True,1024,True,1024,-1,-1,group=translate_HW-full_conv_hc=49-bn=True-drop=0.0-seed0,True,True,False,,5,5,750000,750000,2401,49,49,False
158,group=translate_H-full_conv_hc=49-bn=True-drop=0.0-seed0,45,3864.503690958023,0.12942689657211304,0.9589999914169312,19.126250800651043,0.04560354562403206,0.31263994482738494,44420.0,0.9677734375,7500000.0,13751.52798095567,{'runtime': 3863},0.1127278283238411,1709061176.716583,0.07827601581811905,0.9755375981330872,2160,0.005922666666666666,2215,5651.583148433681,0.12624548959484955,False,translate_H,0,0,0,True,1024,True,1024,-1,-1,group=translate_H-full_conv_hc=49-bn=True-drop=0.0-seed0,True,True,False,,5,5,750000,750000,2401,49,49,False
159,group=trivial-full_conv_hc=49-bn=True-drop=0.0-seed0,30,2006.0867314338684,0.2026173621416092,0.9373000264167786,15.310901691145832,0.047793789839355255,0.11548089288074403,139142.0,0.9599609375,7500000.0,15568.750756113071,{'runtime': 2004},0.1999322772026062,1709058420.4053063,0.1218997687101364,0.9377366900444032,1440,0.018552266666666668,1479,9837.91420100857,0.07018503107412957,False,trivial,0,0,0,True,1024,True,1024,-1,-1,group=trivial-full_conv_hc=49-bn=True-drop=0.0-seed0,True,True,False,,5,5,750000,750000,2401,49,49,False
160,group=translate_HW-full_conv_hc=19-bn=True-drop=0.0-seed0,11,1776.0020546913147,0.24878330528736117,0.9214000105857848,17.58486702486979,0.07089012036081957,0.723451421094322,20722.0,0.9794921875,7500000.0,13976.432861933365,{'runtime': 1774},0.2361035943031311,1709057297.4059508,0.05661354959011078,0.9743711352348328,528,0.0027629333333333327,549,6816.941414763714,0.32977687842478726,False,translate_HW,0,0,0,True,1024,True,1024,-1,-1,group=translate_HW-full_conv_hc=19-bn=True-drop=0.0-seed0,True,True,False,,5,5,750000,750000,931,19,19,False
161,group=translate_H-full_conv_hc=19-bn=True-drop=0.0-seed0,37,1250.6687779426577,0.1269201934337616,0.9591000080108644,14.895754221940106,0.04294853912666817,0.5632868977368218,73336.0,0.97265625,7500000.0,38489.622834009,{'runtime': 1249},0.12460103631019592,1709056402.159448,0.08774052560329437,0.9711421132087708,1776,0.009778133333333336,1822,20175.235251363687,0.2746456051281462,False,translate_H,0,0,0,True,1024,True,1024,-1,-1,group=translate_H-full_conv_hc=19-bn=True-drop=0.0-seed0,True,True,False,,5,5,750000,750000,931,19,19,False
162,group=trivial-full_conv_hc=19-bn=True-drop=0.0-seed0,51,935.7893950939178,0.1855628490447998,0.9383999705314636,12.81245451484375,0.01915390761207144,0.4720342909224512,14945.0,0.9560546875,7500000.0,6695.156691260678,{'runtime': 934},0.1841162145137787,1709055505.4637291,0.1321125477552414,0.947136163711548,2448,0.001992666666666667,2509,2537.394928509795,0.16907743368864764,False,trivial,0,0,0,True,1024,True,1024,-1,-1,group=trivial-full_conv_hc=19-bn=True-drop=0.0-seed0,True,True,False,,5,5,750000,750000,931,19,19,False
163,group=translate_HW-full_conv_hc=7-bn=True-drop=0.0-seed0,25,889.8491814136505,0.12239185720682144,0.9610000252723694,18.32893389876302,0.03931663180835503,1.9994057619653485,29254.0,0.9775390625,7500000.0,56704.11816083914,{'runtime': 888},0.12643679976463318,1709055132.9721434,0.06785085052251816,0.9773634076118468,1200,0.0039005333333333335,1234,25135.639294518973,0.8660433708454478,False,translate_HW,0,0,0,True,1024,True,1024,-1,-1,group=translate_HW-full_conv_hc=7-bn=True-drop=0.0-seed0,True,True,False,,5,5,750000,750000,343,7,7,False
164,group=translate_H-full_conv_hc=7-bn=True-drop=0.0-seed0,25,690.440878868103,0.1902652531862259,0.9398000240325928,13.111411247102865,0.06522830456539841,1.7257376755559064,6716.0,0.958984375,7500000.0,11507.983344302267,{'runtime': 688},0.17860466241836548,1709054554.115403,0.13518443703651428,0.9523093104362488,1200,0.0008954666666666667,1235,3769.037748974857,0.5575961732909032,False,translate_H,0,0,0,True,1024,True,1024,-1,-1,group=translate_H-full_conv_hc=7-bn=True-drop=0.0-seed0,True,True,False,,5,5,750000,750000,343,7,7,False
165,group=trivial-full_conv_hc=7-bn=True-drop=0.0-seed0,45,759.8267538547516,0.20529396831989288,0.9315000176429749,11.981323017317708,0.03818211915544258,0.8651938490313033,24573.0,0.9365234375,7500000.0,21638.330804602996,{'runtime': 758},0.205123633146286,1709054223.0757298,0.19508233666419983,0.9373985528945924,2160,0.0032764,2214,10100.312592259124,0.4036547297749643,False,trivial,0,0,0,True,1024,True,1024,-1,-1,group=trivial-full_conv_hc=7-bn=True-drop=0.0-seed0,True,True,False,,5,5,750000,750000,343,7,7,False
166,group=translate_HW-full_conv_hc=3-bn=True-drop=0.0-seed0,42,819.1495163440704,0.17521320283412933,0.9469000101089478,17.110074570377602,0.08535044260178372,7.209905467605746,2615.0,0.95703125,7500000.0,18053.824591865396,{'runtime': 818},0.17667967081069946,1709053844.2810154,0.13955475389957428,0.9571443200111388,2016,0.00034866666666666667,2068,3973.572760734213,1.5312918622602727,False,translate_HW,0,0,0,True,1024,True,1024,-1,-1,group=translate_HW-full_conv_hc=3-bn=True-drop=0.0-seed0,True,True,False,,5,5,750000,750000,147,3,3,False
167,group=translate_H-full_conv_hc=3-bn=True-drop=0.0-seed0,30,722.674964427948,0.2753501236438751,0.9157000184059144,12.208463427148436,0.03489996915916129,2.4060353724585366,11323.0,0.9228515625,7500000.0,27074.027582383005,{'runtime': 721},0.2802664041519165,1709053445.4810765,0.25846391916275024,0.9271030426025392,1440,0.0015097333333333337,1479,10525.641785530725,0.928377159574732,False,translate_H,0,0,0,True,1024,True,1024,-1,-1,group=translate_H-full_conv_hc=3-bn=True-drop=0.0-seed0,True,True,False,,5,5,750000,750000,147,3,3,False
168,group=trivial-full_conv_hc=3-bn=True-drop=0.0-seed0,41,694.2973713874817,0.2909535765647888,0.9071000218391418,12.690444916438802,0.03422679722519754,2.638430590119996,10102.0,0.9208984375,7500000.0,25107.43779682515,{'runtime': 693},0.2835410535335541,1709052704.2525573,0.24872760474681857,0.9133418798446656,1968,0.0013469333333333334,2018,8769.750556020532,0.8816143895955111,False,trivial,0,0,0,True,1024,True,1024,-1,-1,group=trivial-full_conv_hc=3-bn=True-drop=0.0-seed0,True,True,False,,5,5,750000,750000,147,3,3,False
169,group=translate_HW-full_conv_hc=1-bn=True-drop=0.0-seed0,134,1477.1201899051666,0.28958073258399963,0.909500002861023,15.580398484114578,0.08247036969304854,18.127591644680763,642.0,0.923828125,7500000.0,11887.577557598295,{'runtime': 1477},0.29493841528892517,1709053012.565713,0.2720102369785309,0.913325011730194,6432,8.560000000000001e-05,6576,1865.8090064099017,2.866264631218588,False,translate_HW,0,0,0,True,1024,True,1024,-1,-1,group=translate_HW-full_conv_hc=1-bn=True-drop=0.0-seed0,True,True,False,,5,5,750000,750000,49,1,1,False
170,group=translate_H-full_conv_hc=1-bn=True-drop=0.0-seed0,43,839.6680500507355,0.6127787828445435,0.8009999990463257,12.34921195250651,0.037701305813033416,8.977770264683013,2862.0,0.8359375,7500000.0,25687.739921110857,{'runtime': 843},0.5979181528091431,1709051992.474072,0.5414345264434814,0.8227109909057617,2064,0.0003816,2116,5666.50680306647,2.025595881991759,False,translate_H,0,0,0,True,1024,True,1024,-1,-1,group=translate_H-full_conv_hc=1-bn=True-drop=0.0-seed0,True,True,False,,5,5,750000,750000,49,1,1,False
171,group=trivial-full_conv_hc=1-bn=True-drop=0.0-seed0,71,523.4553225040436,0.4645789563655853,0.8526999950408936,,,,,0.8564453125,,,{'runtime': 540},0.45877671241760254,1709051486.6360235,0.4550248682498932,0.8604949712753296,3408,,3480,,,False,trivial,0,0,0,True,1024,True,1024,-1,-1,group=trivial-full_conv_hc=1-bn=True-drop=0.0-seed0,True,True,False,,5,5,750000,750000,49,1,1,False
