,Name,val_loss,_timestamp,val_accuracy,test_accuracy,train_accuracy,_step,epoch,_runtime,trainer/global_step,_wandb,test_loss,train_loss,cpu,beta1,beta2,group,aa_seed,augment,dataset,dropout,patience,num_train,batch_norm,batch_size,max_epochs,save_model,log_results,weight_decay,hidden_layers,learning_rate,hidden_group_channels
0,magic-sweep-200,0.08607903867959976,1715645286.1858091,0.9715544581413268,0.964900016784668,0.9453125,12663,27,601.5956380367279,12636,{'runtime': 600},0.1209140345454216,0.10513362288475037,False,0.9,0.999,translateW,50,translateH_and_or_W,downsampled_mnist,0,3,60000,True,128,-1,True,True,0,4,0.001,931
1,graceful-sweep-199,0.10240790992975236,1715645073.181192,0.966003954410553,0.9592999815940856,0.9765625,15009,32,600.4012010097504,14976,{'runtime': 599},0.12624165415763855,0.12934674322605133,False,0.9,0.999,translateW,50,translateH_and_or_W,downsampled_mnist,0,3,60000,True,128,-1,True,True,0,4,0.001,343
2,dulcet-sweep-198,0.16441011428833008,1715644670.4798017,0.946380853652954,0.9430000185966492,0.9765625,13601,29,642.657422542572,13572,{'runtime': 641},0.1763237565755844,0.08144403249025345,False,0.9,0.999,translateW,50,translateH_and_or_W,downsampled_mnist,0,3,60000,True,128,-1,True,True,0,4,0.001,147
3,curious-sweep-197,0.2953736186027527,1715644456.0376148,0.9125934839248656,0.9025999903678894,0.921875,14540,31,576.149983882904,14508,{'runtime': 574},0.3102290630340576,0.2609112858772278,False,0.9,0.999,translateW,50,translateH_and_or_W,downsampled_mnist,0,3,60000,True,128,-1,True,True,0,4,0.001,49
4,serene-sweep-196,0.08503611385822296,1715644008.1804905,0.97193843126297,0.9621999859809875,0.9921875,13601,29,647.9701552391052,13572,{'runtime': 646},0.11755623668432236,0.07674034684896469,False,0.9,0.999,translateW,49,translateH_and_or_W,downsampled_mnist,0,3,60000,True,128,-1,True,True,0,4,0.001,931
5,playful-sweep-195,0.13334450125694275,1715643864.347371,0.9566890597343444,0.94650000333786,0.96875,8912,19,344.4876379966736,8892,{'runtime': 343},0.1620079129934311,0.1098206266760826,False,0.9,0.999,translateW,49,translateH_and_or_W,downsampled_mnist,0,3,60000,True,128,-1,True,True,0,4,0.001,343
6,denim-sweep-194,0.2149658203125,1715643343.378296,0.9317073822021484,0.9280999898910522,0.9140625,6097,13,290.58606600761414,6084,{'runtime': 289},0.2314581274986267,0.259033739566803,False,0.9,0.999,translateW,49,translateH_and_or_W,downsampled_mnist,0,3,60000,True,128,-1,True,True,0,4,0.001,147
7,proud-sweep-193,0.3155314326286316,1715643507.5354855,0.9004991054534912,0.8967000246047974,0.8984375,14071,30,550.111252784729,14040,{'runtime': 548},0.32491880655288696,0.2901376783847809,False,0.9,0.999,translateW,49,translateH_and_or_W,downsampled_mnist,0,3,60000,True,128,-1,True,True,0,4,0.001,49
8,leafy-sweep-192,0.08865822851657867,1715643033.588699,0.9708032608032228,0.964299976825714,0.96875,11725,25,554.3949320316315,11700,{'runtime': 553},0.1149456575512886,0.07221835106611252,False,0.9,0.999,translateW,48,translateH_and_or_W,downsampled_mnist,0,3,60000,True,128,-1,True,True,0,4,0.001,931
9,genial-sweep-191,0.09667681902647018,1715642939.7560616,0.9669888615608216,0.9595999717712402,0.9921875,15947,34,627.3936116695404,15912,{'runtime': 626},0.1270965039730072,0.034911807626485825,False,0.9,0.999,translateW,48,translateH_and_or_W,downsampled_mnist,0,3,60000,True,128,-1,True,True,0,4,0.001,343
10,magic-sweep-190,0.17194247245788574,1715642464.1594932,0.947081983089447,0.9366999864578248,0.9765625,12194,26,572.9556562900543,12168,{'runtime': 571},0.19315798580646515,0.12021774798631668,False,0.9,0.999,translateW,48,translateH_and_or_W,downsampled_mnist,0,3,60000,True,128,-1,True,True,0,4,0.001,147
11,lyric-sweep-189,0.3679526746273041,1715642296.2759302,0.8914262652397156,0.883400022983551,0.953125,10788,23,417.9560620784759,10764,{'runtime': 416},0.37694400548934937,0.1934068351984024,False,0.9,0.999,translateW,48,translateH_and_or_W,downsampled_mnist,0,3,60000,True,128,-1,True,True,0,4,0.001,49
12,amber-sweep-188,0.0673048347234726,1715641874.8582518,0.976120114326477,0.965399980545044,0.984375,17353,37,820.2040238380432,17316,{'runtime': 818},0.10865311324596404,0.0714210495352745,False,0.9,0.999,translateW,47,translateH_and_or_W,downsampled_mnist,0,3,60000,True,128,-1,True,True,0,4,0.001,931
13,pleasant-sweep-187,0.10271281003952026,1715641861.873421,0.9657785892486572,0.958199977874756,0.9375,17823,38,714.2048919200897,17784,{'runtime': 713},0.13126680254936218,0.1933777630329132,False,0.9,0.999,translateW,47,translateH_and_or_W,downsampled_mnist,0,3,60000,True,128,-1,True,True,0,4,0.001,343
14,curious-sweep-186,0.16878816485404968,1715641134.3901608,0.9435346722602844,0.9388999938964844,0.9296875,10788,23,425.165424823761,10764,{'runtime': 424},0.1842675656080246,0.14065513014793396,False,0.9,0.999,translateW,47,translateH_and_or_W,downsampled_mnist,0,3,60000,True,128,-1,True,True,0,4,0.001,147
15,celestial-sweep-185,0.2455919086933136,1715641039.0946944,0.9194210767745972,0.911300003528595,0.8828125,15477,33,733.4102382659912,15444,{'runtime': 732},0.27288883924484253,0.3466656506061554,False,0.9,0.999,translateW,47,translateH_and_or_W,downsampled_mnist,0,3,60000,True,128,-1,True,True,0,4,0.001,49
16,laced-sweep-184,0.06949999928474426,1715640691.1514232,0.9760867357254028,0.9659000039100648,0.9609375,15947,34,632.330408334732,15912,{'runtime': 631},0.10851029306650162,0.10693306475877762,False,0.9,0.999,translateW,46,translateH_and_or_W,downsampled_mnist,0,3,60000,True,128,-1,True,True,0,4,0.001,931
17,lucky-sweep-183,0.10263843834400176,1715640290.091267,0.9652944803237916,0.961899995803833,0.9765625,15477,33,747.1172244548798,15444,{'runtime': 745},0.12265102565288544,0.10930366069078444,False,0.9,0.999,translateW,46,translateH_and_or_W,downsampled_mnist,0,3,60000,True,128,-1,True,True,0,4,0.001,343
18,mild-sweep-182,0.22036242485046387,1715640045.165244,0.9311147928237916,0.9229999780654908,0.9296875,7036,15,277.4709279537201,7020,{'runtime': 276},0.23478014767169952,0.2000432312488556,False,0.9,0.999,translateW,46,translateH_and_or_W,downsampled_mnist,0,3,60000,True,128,-1,True,True,0,4,0.001,147
19,rich-sweep-181,0.27987292408943176,1715639529.1895473,0.9110994338989258,0.9074000120162964,0.921875,10318,22,489.5809593200683,10296,{'runtime': 488},0.29588446021080017,0.16445815563201904,False,0.9,0.999,translateW,46,translateH_and_or_W,downsampled_mnist,0,3,60000,True,128,-1,True,True,0,4,0.001,49
20,light-sweep-180,0.0695173367857933,1715639751.8041725,0.9760199785232544,0.9667999744415284,0.96875,17823,38,725.0343055725098,17784,{'runtime': 723},0.1034831553697586,0.10330308228731155,False,0.9,0.999,translateW,45,translateH_and_or_W,downsampled_mnist,0,3,60000,True,128,-1,True,True,0,4,0.001,931
21,elated-sweep-179,0.1305290013551712,1715639011.7145202,0.9567474722862244,0.953499972820282,0.953125,8443,18,334.3973352909088,8424,{'runtime': 333},0.14801864326000214,0.15225829184055328,False,0.9,0.999,translateW,45,translateH_and_or_W,downsampled_mnist,0,3,60000,True,128,-1,True,True,0,4,0.001,343
22,treasured-sweep-178,0.14083611965179443,1715639024.9102564,0.9530165195465088,0.9490000009536744,0.9453125,15477,33,727.5658082962036,15444,{'runtime': 726},0.15886637568473816,0.1444324105978012,False,0.9,0.999,translateW,45,translateH_and_or_W,downsampled_mnist,0,3,60000,True,128,-1,True,True,0,4,0.001,147
23,fast-sweep-177,0.3992907106876374,1715638660.5576231,0.8784137964248657,0.8684999942779541,0.8984375,5629,12,221.44515419006348,5616,{'runtime': 220},0.3973544538021088,0.2729896903038025,False,0.9,0.999,translateW,45,translateH_and_or_W,downsampled_mnist,0,3,60000,True,128,-1,True,True,0,4,0.001,49
24,giddy-sweep-176,0.12416286766529085,1715638426.768385,0.9619224071502686,0.9523000121116638,0.9453125,6567,14,268.28404688835144,6552,{'runtime': 267},0.14417904615402222,0.1590423285961151,False,0.9,0.999,translateW,44,translateH_and_or_W,downsampled_mnist,0,3,60000,True,128,-1,True,True,0,4,0.001,931
25,eternal-sweep-175,0.11531997472047806,1715638281.8053098,0.961822271347046,0.9556000232696532,0.9375,12663,27,604.0159108638763,12636,{'runtime': 602},0.13929273188114166,0.12620480358600616,False,0.9,0.999,translateW,44,translateH_and_or_W,downsampled_mnist,0,3,60000,True,128,-1,True,True,0,4,0.001,343
26,vivid-sweep-174,0.1758817732334137,1715638144.632023,0.9433426856994628,0.9402999877929688,0.953125,10319,22,404.63495922088623,10296,{'runtime': 403},0.19366231560707092,0.13970303535461426,False,0.9,0.999,translateW,44,translateH_and_or_W,downsampled_mnist,0,3,60000,True,128,-1,True,True,0,4,0.001,147
27,fearless-sweep-173,0.3146427869796753,1715637660.364334,0.9018429517745972,0.8894000053405762,0.9296875,11725,25,549.262120962143,11700,{'runtime': 547},0.33504465222358704,0.2339209020137787,False,0.9,0.999,translateW,44,translateH_and_or_W,downsampled_mnist,0,3,60000,True,128,-1,True,True,0,4,0.001,49
28,dark-sweep-172,0.07490340620279312,1715637725.5090742,0.9746427536010742,0.9682000279426576,0.984375,15947,34,646.9067261219025,15912,{'runtime': 645},0.10425890237092972,0.07646991312503815,False,0.9,0.999,translateW,43,translateH_and_or_W,downsampled_mnist,0,3,60000,True,128,-1,True,True,0,4,0.001,931
29,gallant-sweep-171,0.14420658349990845,1715637095.430302,0.9544270634651184,0.9509000182151794,0.9375,7973,17,381.2355122566223,7956,{'runtime': 380},0.1573636680841446,0.20186853408813477,False,0.9,0.999,translateW,43,translateH_and_or_W,downsampled_mnist,0,3,60000,True,128,-1,True,True,0,4,0.001,343
30,olive-sweep-170,0.1724979728460312,1715637064.9841132,0.9451538920402528,0.9434000253677368,0.9609375,13602,29,537.3652181625366,13572,{'runtime': 536},0.18026115000247955,0.15879172086715698,False,0.9,0.999,translateW,43,translateH_and_or_W,downsampled_mnist,0,3,60000,True,128,-1,True,True,0,4,0.001,147
31,breezy-sweep-169,0.3164573311805725,1715636697.4984329,0.8991886973381042,0.8956999778747559,0.90625,19698,42,926.0678977966307,19656,{'runtime': 924},0.3238508403301239,0.26762738823890686,False,0.9,0.999,translateW,43,translateH_and_or_W,downsampled_mnist,0,3,60000,True,128,-1,True,True,0,4,0.001,49
32,crimson-sweep-168,0.07761635631322861,1715636514.734053,0.9731403589248656,0.9648000001907348,0.96875,14540,31,585.0848429203033,14508,{'runtime': 583},0.11265022307634354,0.0772109255194664,False,0.9,0.999,translateW,42,translateH_and_or_W,downsampled_mnist,0,3,60000,True,128,-1,True,True,0,4,0.001,931
33,daily-sweep-167,0.11078139394521712,1715635755.161418,0.9623814821243286,0.9531999826431274,0.984375,11725,25,555.9837300777435,11700,{'runtime': 554},0.14199692010879517,0.05396164581179619,False,0.9,0.999,translateW,42,translateH_and_or_W,downsampled_mnist,0,3,60000,True,128,-1,True,True,0,4,0.001,343
34,silver-sweep-166,0.12989258766174316,1715635913.538107,0.95780748128891,0.9491999745368958,0.984375,18292,39,698.6863796710968,18252,{'runtime': 697},0.16198526322841644,0.05448594316840172,False,0.9,0.999,translateW,42,translateH_and_or_W,downsampled_mnist,0,3,60000,True,128,-1,True,True,0,4,0.001,147
35,sweepy-sweep-165,0.3631815314292908,1715635181.4101722,0.8897068500518799,0.8816999793052673,0.8984375,6566,14,311.20004320144653,6552,{'runtime': 309},0.3804429769515991,0.33668214082717896,False,0.9,0.999,translateW,42,translateH_and_or_W,downsampled_mnist,0,3,60000,True,128,-1,True,True,0,4,0.001,49
36,quiet-sweep-164,0.11558620631694794,1715635197.589932,0.96211439371109,0.9502000212669371,0.96875,7974,17,311.6010549068451,7956,{'runtime': 310},0.1465299427509308,0.08184543251991272,False,0.9,0.999,translateW,41,translateH_and_or_W,downsampled_mnist,0,3,60000,True,128,-1,True,True,0,4,0.001,931
37,visionary-sweep-163,0.11050942540168762,1715634853.0270631,0.9634164571762084,0.9526000022888184,0.984375,13132,28,634.3489181995392,13104,{'runtime': 633},0.14459016919136047,0.0815310999751091,False,0.9,0.999,translateW,41,translateH_and_or_W,downsampled_mnist,0,3,60000,True,128,-1,True,True,0,4,0.001,343
38,resilient-sweep-162,0.31951209902763367,1715634203.535156,0.908645510673523,0.8913999795913696,0.921875,3283,7,159.57664108276367,3276,{'runtime': 158},0.33784857392311096,0.2623307704925537,False,0.9,0.999,translateW,41,translateH_and_or_W,downsampled_mnist,0,3,60000,True,128,-1,True,True,0,4,0.001,147
39,peach-sweep-161,0.2253991961479187,1715634872.0104244,0.9244458079338074,0.9186000227928162,0.8671875,17823,38,695.7928094863892,17784,{'runtime': 694},0.25978565216064453,0.3953558206558227,False,0.9,0.999,translateW,41,translateH_and_or_W,downsampled_mnist,0,3,60000,True,128,-1,True,True,0,4,0.001,49
40,stellar-sweep-160,0.09267818182706831,1715634027.8412378,0.9690003991127014,0.9617999792099,0.9765625,10318,22,492.46206974983215,10296,{'runtime': 491},0.125803604722023,0.05979815125465393,False,0.9,0.999,translateW,40,translateH_and_or_W,downsampled_mnist,0,3,60000,True,128,-1,True,True,0,4,0.001,931
41,ethereal-sweep-159,0.1041448935866356,1715634158.1499827,0.9649605751037598,0.96069997549057,0.9609375,17354,37,686.5430016517639,17316,{'runtime': 685},0.13160395622253418,0.12377148121595384,False,0.9,0.999,translateW,40,translateH_and_or_W,downsampled_mnist,0,3,60000,True,128,-1,True,True,0,4,0.001,343
42,major-sweep-158,0.15828131139278412,1715633519.7993886,0.9488013982772828,0.9435999989509584,0.953125,16884,36,800.5133717060089,16848,{'runtime': 799},0.1795225292444229,0.1350366622209549,False,0.9,0.999,translateW,40,translateH_and_or_W,downsampled_mnist,0,3,60000,True,128,-1,True,True,0,4,0.001,147
43,denim-sweep-157,0.22577956318855288,1715633453.7830906,0.9268412590026855,0.9225999712944032,0.9296875,15478,33,601.7925236225128,15444,{'runtime': 600},0.248902291059494,0.2963569760322571,False,0.9,0.999,translateW,40,translateH_and_or_W,downsampled_mnist,0,3,60000,True,128,-1,True,True,0,4,0.001,49
44,efficient-sweep-156,0.08661151677370071,1715632838.9977412,0.9710870981216432,0.9639000296592712,0.9453125,13133,28,517.1575162410736,13104,{'runtime': 515},0.10939699411392212,0.17657601833343506,False,0.9,0.999,translateW,39,translateH_and_or_W,downsampled_mnist,0,3,60000,True,128,-1,True,True,0,4,0.001,931
45,stellar-sweep-155,0.11540332436561584,1715632703.7837465,0.9622395634651184,0.9569000005722046,0.96875,14070,30,662.7894604206085,14040,{'runtime': 661},0.13545149564743042,0.13548560440540314,False,0.9,0.999,translateW,39,translateH_and_or_W,downsampled_mnist,0,3,60000,True,128,-1,True,True,0,4,0.001,343
46,likely-sweep-154,0.2085385620594025,1715632026.5708234,0.935621976852417,0.9316999912261964,0.9609375,8442,18,399.3554813861847,8424,{'runtime': 397},0.21625788509845736,0.16043400764465332,False,0.9,0.999,translateW,39,translateH_and_or_W,downsampled_mnist,0,3,60000,True,128,-1,True,True,0,4,0.001,147
47,iconic-sweep-153,0.2856425940990448,1715632306.0385149,0.9093132615089417,0.9064000248908995,0.875,16416,35,646.2762548923492,16380,{'runtime': 645},0.288093239068985,0.3407653570175171,False,0.9,0.999,translateW,39,translateH_and_or_W,downsampled_mnist,0,3,60000,True,128,-1,True,True,0,4,0.001,49
48,eager-sweep-152,0.09112321585416794,1715631645.339572,0.970168948173523,0.961300015449524,0.984375,12195,26,478.08092498779297,12168,{'runtime': 476},0.11970129609107973,0.041471853852272034,False,0.9,0.999,translateW,38,translateH_and_or_W,downsampled_mnist,0,3,60000,True,128,-1,True,True,0,4,0.001,931
49,honest-sweep-151,0.10352401435375214,1715631611.6774502,0.9646517634391784,0.958199977874756,0.9453125,15477,33,731.2018311023712,15444,{'runtime': 730},0.12681224942207336,0.12329337000846864,False,0.9,0.999,translateW,38,translateH_and_or_W,downsampled_mnist,0,3,60000,True,128,-1,True,True,0,4,0.001,343
50,good-sweep-150,0.18126162886619568,1715631151.421925,0.9422743320465088,0.9350000023841858,0.9765625,12664,27,492.7528941631317,12636,{'runtime': 491},0.19734728336334229,0.06260033696889877,False,0.9,0.999,translateW,38,translateH_and_or_W,downsampled_mnist,0,3,60000,True,128,-1,True,True,0,4,0.001,147
51,icy-sweep-149,0.37176838517189026,1715630858.188979,0.8839226365089417,0.8733999729156494,0.921875,11725,25,552.7808127403259,11700,{'runtime': 551},0.3947123885154724,0.24074643850326535,False,0.9,0.999,translateW,38,translateH_and_or_W,downsampled_mnist,0,3,60000,True,128,-1,True,True,0,4,0.001,49
52,winter-sweep-148,0.08455398678779602,1715630288.1935308,0.9714125990867616,0.963699996471405,0.9765625,12663,27,598.3384017944336,12636,{'runtime': 597},0.11618487536907196,0.08495786041021347,False,0.9,0.999,translateW,37,translateH_and_or_W,downsampled_mnist,0,3,60000,True,128,-1,True,True,0,4,0.001,931
53,radiant-sweep-147,0.09894014149904252,1715630642.2029195,0.967681646347046,0.9621000289916992,0.96875,19699,42,759.1681945323944,19656,{'runtime': 757},0.12450643628835678,0.07969813793897629,False,0.9,0.999,translateW,37,translateH_and_or_W,downsampled_mnist,0,3,60000,True,128,-1,True,True,0,4,0.001,343
54,dashing-sweep-146,0.15138129889965057,1715629855.4541411,0.9499782919883728,0.94760000705719,0.9453125,16416,35,625.9227941036224,16380,{'runtime': 624},0.16600476205348969,0.20093663036823273,False,0.9,0.999,translateW,37,translateH_and_or_W,downsampled_mnist,0,3,60000,True,128,-1,True,True,0,4,0.001,147
55,jumping-sweep-145,0.4128360450267792,1715629214.73721,0.8729550838470459,0.8651999831199646,0.8828125,4691,10,191.83285403251648,4680,{'runtime': 190},0.4231663048267365,0.3999272882938385,False,0.9,0.999,translateW,37,translateH_and_or_W,downsampled_mnist,0,3,60000,True,128,-1,True,True,0,4,0.001,49
56,serene-sweep-144,0.06460180878639221,1715629673.2722569,0.9771217107772828,0.9700999855995178,0.9765625,19698,42,925.6866648197174,19656,{'runtime': 924},0.10404723137617113,0.08477962017059326,False,0.9,0.999,translateW,36,translateH_and_or_W,downsampled_mnist,0,3,60000,True,128,-1,True,True,0,4,0.001,931
57,eager-sweep-143,0.11170891672372818,1715628728.471702,0.962890625,0.958400011062622,0.9609375,12194,26,580.0809059143066,12168,{'runtime': 578},0.12980282306671145,0.1856626719236374,False,0.9,0.999,translateW,36,translateH_and_or_W,downsampled_mnist,0,3,60000,True,128,-1,True,True,0,4,0.001,343
58,avid-sweep-142,0.14923153817653656,1715629006.2906082,0.9503706097602844,0.9470000267028807,0.9765625,15009,32,585.6968541145325,14976,{'runtime': 584},0.16239246726036072,0.09720354527235033,False,0.9,0.999,translateW,36,translateH_and_or_W,downsampled_mnist,0,3,60000,True,128,-1,True,True,0,4,0.001,147
59,breezy-sweep-141,0.49932798743247986,1715628404.3710296,0.8558109402656555,0.8339999914169312,0.8671875,7505,16,291.3091037273407,7488,{'runtime': 290},0.503487229347229,0.3839451670646667,False,0.9,0.999,translateW,36,translateH_and_or_W,downsampled_mnist,0,3,60000,True,128,-1,True,True,0,4,0.001,49
60,rare-sweep-140,0.10836004465818404,1715628130.4983115,0.9638838768005372,0.9556999802589417,0.9609375,8442,18,402.9580855369568,8424,{'runtime': 401},0.13154803216457367,0.145938441157341,False,0.9,0.999,translateW,35,translateH_and_or_W,downsampled_mnist,0,3,60000,True,128,-1,True,True,0,4,0.001,931
61,dainty-sweep-139,0.13308697938919067,1715628100.4625638,0.9572482705116272,0.953499972820282,0.9609375,8912,19,352.14569783210754,8892,{'runtime': 351},0.14893417060375214,0.1121467500925064,False,0.9,0.999,translateW,35,translateH_and_or_W,downsampled_mnist,0,3,60000,True,128,-1,True,True,0,4,0.001,343
62,flowing-sweep-138,0.1834511160850525,1715627733.7261293,0.941481351852417,0.9391999840736388,0.9375,9850,21,382.2586622238159,9828,{'runtime': 381},0.19025461375713348,0.1991732120513916,False,0.9,0.999,translateW,35,translateH_and_or_W,downsampled_mnist,0,3,60000,True,128,-1,True,True,0,4,0.001,147
63,glad-sweep-137,0.24970555305480957,1715627708.5296435,0.91972154378891,0.9164000153541564,0.8984375,14070,30,661.9865415096283,14040,{'runtime': 660},0.2614852786064148,0.25625234842300415,False,0.9,0.999,translateW,35,translateH_and_or_W,downsampled_mnist,0,3,60000,True,128,-1,True,True,0,4,0.001,49
64,bumbling-sweep-136,0.10742629319429398,1715627031.4963312,0.9647769927978516,0.9534000158309937,0.953125,7973,17,381.56361413002014,7956,{'runtime': 380},0.13499824702739716,0.12141187489032744,False,0.9,0.999,translateW,34,translateH_and_or_W,downsampled_mnist,0,3,60000,True,128,-1,True,True,0,4,0.001,931
65,devout-sweep-135,0.10293244570493698,1715627333.8897848,0.9662126302719116,0.9574000239372252,0.96875,15478,33,617.6857929229736,15444,{'runtime': 616},0.13212670385837555,0.08776702731847763,False,0.9,0.999,translateW,34,translateH_and_or_W,downsampled_mnist,0,3,60000,True,128,-1,True,True,0,4,0.001,343
66,fluent-sweep-134,0.17371264100074768,1715626633.9511924,0.9429670572280884,0.9372000098228456,0.9375,11256,24,530.0161964893341,11232,{'runtime': 528},0.1863015294075012,0.2113228291273117,False,0.9,0.999,translateW,34,translateH_and_or_W,downsampled_mnist,0,3,60000,True,128,-1,True,True,0,4,0.001,147
67,generous-sweep-133,0.24406401813030243,1715626699.6180215,0.92331063747406,0.916700005531311,0.9140625,13602,29,523.3385493755341,13572,{'runtime': 522},0.25723379850387573,0.25090113282203674,False,0.9,0.999,translateW,34,translateH_and_or_W,downsampled_mnist,0,3,60000,True,128,-1,True,True,0,4,0.001,49
68,floral-sweep-132,0.08901690691709518,1715626088.874936,0.9695679545402528,0.9609000086784364,0.9609375,10787,23,513.4718580245972,10764,{'runtime': 512},0.12024842202663422,0.08840613067150116,False,0.9,0.999,translateW,33,translateH_and_or_W,downsampled_mnist,0,3,60000,True,128,-1,True,True,0,4,0.001,931
69,different-sweep-131,0.09709607064723969,1715626160.2128518,0.9671975374221802,0.9592999815940856,0.9375,19230,41,751.1979176998138,19188,{'runtime': 750},0.12957720458507538,0.14975117146968842,False,0.9,0.999,translateW,33,translateH_and_or_W,downsampled_mnist,0,3,60000,True,128,-1,True,True,0,4,0.001,343
70,sandy-sweep-130,0.14373862743377686,1715625560.3563783,0.9535006284713744,0.9451000094413756,0.9375,20636,44,968.4672904014589,20592,{'runtime': 967},0.17575114965438843,0.14343439042568207,False,0.9,0.999,translateW,33,translateH_and_or_W,downsampled_mnist,0,3,60000,True,128,-1,True,True,0,4,0.001,147
71,genial-sweep-129,0.27158138155937195,1715625392.4339688,0.9117254018783568,0.9093000292778016,0.9296875,15009,32,592.8510138988495,14976,{'runtime': 591},0.28204959630966187,0.20975755155086517,False,0.9,0.999,translateW,33,translateH_and_or_W,downsampled_mnist,0,3,60000,True,128,-1,True,True,0,4,0.001,49
72,genial-sweep-128,0.09433437138795853,1715624785.1243622,0.9690588116645812,0.9598000049591064,0.9765625,9381,20,386.738881111145,9360,{'runtime': 385},0.12343520671129228,0.08019042015075684,False,0.9,0.999,translateW,32,translateH_and_or_W,downsampled_mnist,0,3,60000,True,128,-1,True,True,0,4,0.001,931
73,worldly-sweep-127,0.10293684899806976,1715624576.8689957,0.965486466884613,0.9557999968528748,0.9609375,16884,36,799.7599167823792,16848,{'runtime': 798},0.13746389746665957,0.1066964864730835,False,0.9,0.999,translateW,32,translateH_and_or_W,downsampled_mnist,0,3,60000,True,128,-1,True,True,0,4,0.001,343
74,blooming-sweep-126,0.18393070995807648,1715624385.8043003,0.9419571161270142,0.9348999857902528,0.9296875,12195,26,477.22121834754944,12168,{'runtime': 476},0.20747210085392,0.16144105792045593,False,0.9,0.999,translateW,32,translateH_and_or_W,downsampled_mnist,0,3,60000,True,128,-1,True,True,0,4,0.001,147
75,playful-sweep-125,0.3331664502620697,1715623764.000117,0.8933543562889099,0.8896999955177307,0.9140625,10318,22,482.58898401260376,10296,{'runtime': 481},0.3479160964488983,0.29762938618659973,False,0.9,0.999,translateW,32,translateH_and_or_W,downsampled_mnist,0,3,60000,True,128,-1,True,True,0,4,0.001,49
76,rich-sweep-124,0.09443650394678116,1715623894.918789,0.969542920589447,0.959999978542328,0.984375,11726,25,479.8344650268554,11700,{'runtime': 478},0.12002481520175934,0.06945669651031494,False,0.9,0.999,translateW,31,translateH_and_or_W,downsampled_mnist,0,3,60000,True,128,-1,True,True,0,4,0.001,931
77,dandy-sweep-123,0.2063450962305069,1715623396.3135622,0.9391610026359558,0.9308000206947328,0.9375,3753,8,150.78096103668213,3744,{'runtime': 149},0.2154106497764587,0.15038329362869263,False,0.9,0.999,translateW,31,translateH_and_or_W,downsampled_mnist,0,3,60000,True,128,-1,True,True,0,4,0.001,343
78,vibrant-sweep-122,0.2021365463733673,1715623265.474339,0.9352547526359558,0.932200014591217,0.953125,6566,14,313.4639630317688,6552,{'runtime': 312},0.21292799711227417,0.13372741639614105,False,0.9,0.999,translateW,31,translateH_and_or_W,downsampled_mnist,0,3,60000,True,128,-1,True,True,0,4,0.001,147
79,driven-sweep-121,0.4680662751197815,1715622931.8909788,0.8620292544364929,0.8392000198364258,0.859375,7973,17,381.88054370880127,7956,{'runtime': 380},0.4863056540489197,0.4536987841129303,False,0.9,0.999,translateW,31,translateH_and_or_W,downsampled_mnist,0,3,60000,True,128,-1,True,True,0,4,0.001,49
80,skilled-sweep-120,0.0650390014052391,1715623231.9537702,0.9775807857513428,0.96670001745224,0.9765625,18761,40,760.2196900844574,18720,{'runtime': 759},0.10432474315166472,0.05162588506937027,False,0.9,0.999,translateW,30,translateH_and_or_W,downsampled_mnist,0,3,60000,True,128,-1,True,True,0,4,0.001,931
81,fast-sweep-119,0.10536504536867142,1715622533.9337966,0.9653362035751344,0.958299994468689,0.9765625,15946,34,756.651852607727,15912,{'runtime': 755},0.13138121366500854,0.09600038081407548,False,0.9,0.999,translateW,30,translateH_and_or_W,downsampled_mnist,0,3,60000,True,128,-1,True,True,0,4,0.001,343
82,blooming-sweep-118,0.1581885814666748,1715622455.9088652,0.9482338428497314,0.9426000118255616,0.9453125,11726,25,466.9852011203766,11700,{'runtime': 465},0.18165896832942963,0.14764420688152313,False,0.9,0.999,translateW,30,translateH_and_or_W,downsampled_mnist,0,3,60000,True,128,-1,True,True,0,4,0.001,147
83,elated-sweep-117,0.2727802097797394,1715621972.5880532,0.9149889945983888,0.8999000191688538,0.921875,10788,23,407.5953152179718,10764,{'runtime': 406},0.30016446113586426,0.17959405481815338,False,0.9,0.999,translateW,30,translateH_and_or_W,downsampled_mnist,0,3,60000,True,128,-1,True,True,0,4,0.001,49
84,glowing-sweep-116,0.093404620885849,1715621549.6333303,0.9682825803756714,0.9646999835968018,0.96875,10319,22,406.18182826042175,10296,{'runtime': 404},0.11139334738254549,0.08025456964969635,False,0.9,0.999,translateW,29,translateH_and_or_W,downsampled_mnist,0,3,60000,True,128,-1,True,True,0,4,0.001,931
85,stellar-sweep-115,0.0879766196012497,1715621761.3442469,0.9693092107772828,0.9610999822616576,0.9765625,21105,45,989.4326939582824,21060,{'runtime': 988},0.1189897432923317,0.08281613886356354,False,0.9,0.999,translateW,29,translateH_and_or_W,downsampled_mnist,0,3,60000,True,128,-1,True,True,0,4,0.001,343
86,glad-sweep-114,0.1529985070228577,1715621121.7296722,0.9498364329338074,0.948099970817566,0.953125,15947,34,629.3850042819977,15912,{'runtime': 627},0.173848494887352,0.16684673726558685,False,0.9,0.999,translateW,29,translateH_and_or_W,downsampled_mnist,0,3,60000,True,128,-1,True,True,0,4,0.001,147
87,solar-sweep-113,0.23136596381664276,1715620756.261453,0.9239783883094788,0.9218000173568726,0.8984375,12663,27,598.3076438903809,12636,{'runtime': 597},0.24146972596645355,0.24790672957897184,False,0.9,0.999,translateW,29,translateH_and_or_W,downsampled_mnist,0,3,60000,True,128,-1,True,True,0,4,0.001,49
88,silver-sweep-112,0.13184891641139984,1715620137.140861,0.9573317170143129,0.954800009727478,0.96875,6097,13,294.36647295951843,6084,{'runtime': 293},0.14927253127098083,0.09845536202192308,False,0.9,0.999,translateW,28,translateH_and_or_W,downsampled_mnist,0,3,60000,True,128,-1,True,True,0,4,0.001,931
89,iconic-sweep-111,0.1180710345506668,1715620476.9183483,0.961730420589447,0.95770001411438,0.9609375,13602,29,539.873298406601,13572,{'runtime': 538},0.13863025605678558,0.1338886320590973,False,0.9,0.999,translateW,28,translateH_and_or_W,downsampled_mnist,0,3,60000,True,128,-1,True,True,0,4,0.001,343
90,fiery-sweep-110,0.20346128940582275,1715619912.3885105,0.9372579455375672,0.9333000183105468,0.9296875,12195,26,496.5141525268554,12168,{'runtime': 495},0.21925108134746552,0.1992844045162201,False,0.9,0.999,translateW,28,translateH_and_or_W,downsampled_mnist,0,3,60000,True,128,-1,True,True,0,4,0.001,147
91,azure-sweep-109,0.33012691140174866,1715619827.1536448,0.9005993008613586,0.8948000073432922,0.8828125,15008,32,704.5457859039307,14976,{'runtime': 703},0.3387875258922577,0.3980469703674317,False,0.9,0.999,translateW,28,translateH_and_or_W,downsampled_mnist,0,3,60000,True,128,-1,True,True,0,4,0.001,49
92,effortless-sweep-108,0.07572631537914276,1715619398.4919162,0.9741920232772828,0.9663000106811525,0.953125,14540,31,574.4891831874847,14508,{'runtime': 573},0.10778216272592545,0.17512814700603485,False,0.9,0.999,translateW,27,translateH_and_or_W,downsampled_mnist,0,3,60000,True,128,-1,True,True,0,4,0.001,931
93,hearty-sweep-107,0.10583280771970748,1715619106.8864434,0.9652611017227172,0.9575999975204468,0.9765625,13601,29,646.5213763713837,13572,{'runtime': 644},0.13150635361671448,0.10711730271577836,False,0.9,0.999,translateW,27,translateH_and_or_W,downsampled_mnist,0,3,60000,True,128,-1,True,True,0,4,0.001,343
94,hearty-sweep-106,0.2207546979188919,1715618782.0908356,0.92962908744812,0.925000011920929,0.921875,6098,13,253.622008562088,6084,{'runtime': 235},0.23801667988300323,0.2695116102695465,False,0.9,0.999,translateW,27,translateH_and_or_W,downsampled_mnist,0,3,60000,True,128,-1,True,True,0,4,0.001,147
95,visionary-sweep-105,0.3775111436843872,1715618442.8263872,0.8799078464508057,0.8784999847412109,0.9140625,10318,22,485.49648118019104,10296,{'runtime': 484},0.39069122076034546,0.325778067111969,False,0.9,0.999,translateW,27,translateH_and_or_W,downsampled_mnist,0,3,60000,True,128,-1,True,True,0,4,0.001,49
96,fresh-sweep-104,0.07853442430496216,1715618511.309741,0.9728899598121644,0.9646000266075134,0.9921875,13602,29,532.0593509674072,13572,{'runtime': 530},0.113937646150589,0.02122768573462963,False,0.9,0.999,translateW,26,translateH_and_or_W,downsampled_mnist,0,3,60000,True,128,-1,True,True,0,4,0.001,931
97,unique-sweep-103,0.12019354850053789,1715617940.165268,0.9598023295402528,0.9556999802589417,0.96875,9380,20,448.1168429851532,9360,{'runtime': 446},0.13950230181217194,0.07261323183774948,False,0.9,0.999,translateW,26,translateH_and_or_W,downsampled_mnist,0,3,60000,True,128,-1,True,True,0,4,0.001,343
98,silver-sweep-102,0.20495709776878357,1715617962.476491,0.9358556866645812,0.9287999868392944,0.9609375,8443,18,338.70179986953735,8424,{'runtime': 337},0.22048261761665344,0.13122741878032684,False,0.9,0.999,translateW,26,translateH_and_or_W,downsampled_mnist,0,3,60000,True,128,-1,True,True,0,4,0.001,147
99,denim-sweep-101,0.35635998845100403,1715617607.2206178,0.8855335116386414,0.880299985408783,0.921875,7974,17,313.84887886047363,7956,{'runtime': 312},0.3714919090270996,0.28104516863822937,False,0.9,0.999,translateW,26,translateH_and_or_W,downsampled_mnist,0,3,60000,True,128,-1,True,True,0,4,0.001,49
100,celestial-sweep-100,0.10867922008037569,1715617472.5362382,0.9657034873962402,0.958199977874756,0.9765625,9849,21,470.4258222579956,9828,{'runtime': 468},0.12830041348934174,0.059199508279562,False,0.9,0.999,translateW,25,translateH_and_or_W,downsampled_mnist,0,3,60000,True,128,-1,True,True,0,4,0.001,931
101,dark-sweep-99,0.13165128231048584,1715617279.735474,0.956405222415924,0.9523000121116638,0.9375,8912,19,351.74017786979675,8892,{'runtime': 350},0.14698483049869537,0.17388848960399628,False,0.9,0.999,translateW,25,translateH_and_or_W,downsampled_mnist,0,3,60000,True,128,-1,True,True,0,4,0.001,343
102,polished-sweep-98,0.1477500945329666,1715616971.468203,0.952073335647583,0.9451000094413756,0.9609375,13132,28,618.3319711685181,13104,{'runtime': 616},0.16959761083126068,0.09657380729913712,False,0.9,0.999,translateW,25,translateH_and_or_W,downsampled_mnist,0,3,60000,True,128,-1,True,True,0,4,0.001,147
103,mild-sweep-97,0.30672699213027954,1715616914.16358,0.901458978652954,0.8950999975204468,0.859375,14071,30,557.5761170387268,14040,{'runtime': 556},0.326937735080719,0.42401817440986633,False,0.9,0.999,translateW,25,translateH_and_or_W,downsampled_mnist,0,3,60000,True,128,-1,True,True,0,4,0.001,49
104,major-sweep-96,0.1080201119184494,1715616336.7406976,0.966170847415924,0.9580000042915344,0.9609375,10318,22,493.1445426940918,10296,{'runtime': 491},0.13348108530044556,0.1329721957445145,False,0.9,0.999,translateW,24,translateH_and_or_W,downsampled_mnist,0,3,60000,True,128,-1,True,True,0,4,0.001,931
105,fiery-sweep-95,0.09275702387094498,1715616341.0269113,0.9683493375778198,0.9629999995231628,0.953125,15478,33,588.4719593524933,15444,{'runtime': 587},0.11691144108772278,0.11763925105333328,False,0.9,0.999,translateW,24,translateH_and_or_W,downsampled_mnist,0,3,60000,True,128,-1,True,True,0,4,0.001,343
106,eternal-sweep-94,0.176445335149765,1715615826.7409265,0.9444945454597472,0.9409000277519226,0.9375,14539,31,681.9291825294495,14508,{'runtime': 680},0.19149000942707065,0.22759610414505005,False,0.9,0.999,translateW,24,translateH_and_or_W,downsampled_mnist,0,3,60000,True,128,-1,True,True,0,4,0.001,147
107,vibrant-sweep-93,0.31478723883628845,1715615739.7241075,0.8966513276100159,0.8917999863624573,0.90625,14071,30,565.1885335445404,14040,{'runtime': 564},0.3336362838745117,0.25634709000587463,False,0.9,0.999,translateW,24,translateH_and_or_W,downsampled_mnist,0,3,60000,True,128,-1,True,True,0,4,0.001,49
108,wise-sweep-92,0.0885990709066391,1715615132.405765,0.9706530570983888,0.9553999900817872,0.984375,11725,25,559.4756071567535,11700,{'runtime': 558},0.1329708695411682,0.05072310194373131,False,0.9,0.999,translateW,23,translateH_and_or_W,downsampled_mnist,0,3,60000,True,128,-1,True,True,0,4,0.001,931
109,eternal-sweep-91,0.117569200694561,1715615159.4955728,0.9618306159973145,0.9524999856948853,0.9453125,12664,27,482.2146956920624,12636,{'runtime': 481},0.14332181215286255,0.15068607032299042,False,0.9,0.999,translateW,23,translateH_and_or_W,downsampled_mnist,0,3,60000,True,128,-1,True,True,0,4,0.001,343
110,fast-sweep-90,0.18710841238498688,1715614559.289375,0.9416149258613586,0.9293000102043152,0.921875,12194,26,575.081906080246,12168,{'runtime': 573},0.2189863473176956,0.25282588601112366,False,0.9,0.999,translateW,23,translateH_and_or_W,downsampled_mnist,0,3,60000,True,128,-1,True,True,0,4,0.001,147
111,glamorous-sweep-89,0.32588064670562744,1715614656.742986,0.8983540534973145,0.8885999917984009,0.8671875,10319,22,400.83988404273987,10296,{'runtime': 399},0.3454717695713043,0.4086768329143524,False,0.9,0.999,translateW,23,translateH_and_or_W,downsampled_mnist,0,3,60000,True,128,-1,True,True,0,4,0.001,49
112,dandy-sweep-88,0.08135571330785751,1715613966.4684837,0.9715795516967772,0.9617000222206116,0.953125,10787,23,516.0381968021393,10764,{'runtime': 514},0.11277828365564346,0.12907280027866364,False,0.9,0.999,translateW,22,translateH_and_or_W,downsampled_mnist,0,3,60000,True,128,-1,True,True,0,4,0.001,931
113,denim-sweep-87,0.11414031684398653,1715614232.2982342,0.9628822803497314,0.9531000256538392,0.9609375,14540,31,565.783723115921,14508,{'runtime': 564},0.1395542174577713,0.12461921572685242,False,0.9,0.999,translateW,22,translateH_and_or_W,downsampled_mnist,0,3,60000,True,128,-1,True,True,0,4,0.001,343
114,likely-sweep-86,0.1808261275291443,1715613435.3525414,0.9429086446762084,0.9358999729156494,0.9375,10787,23,511.5415813922882,10764,{'runtime': 509},0.20137135684490204,0.14400888979434967,False,0.9,0.999,translateW,22,translateH_and_or_W,downsampled_mnist,0,3,60000,True,128,-1,True,True,0,4,0.001,147
115,dashing-sweep-85,0.2173856943845749,1715613652.3718052,0.9301131963729858,0.9258999824523926,0.9453125,19230,41,756.7787210941315,19188,{'runtime': 755},0.2395225167274475,0.1712665855884552,False,0.9,0.999,translateW,22,translateH_and_or_W,downsampled_mnist,0,3,60000,True,128,-1,True,True,0,4,0.001,49
116,glamorous-sweep-84,0.09033383429050446,1715612908.7853715,0.9704527258872986,0.9588000178337096,0.9765625,13132,28,625.1502964496613,13104,{'runtime': 623},0.12325794994831084,0.06654860079288483,False,0.9,0.999,translateW,21,translateH_and_or_W,downsampled_mnist,0,3,60000,True,128,-1,True,True,0,4,0.001,931
117,copper-sweep-83,0.11461830884218216,1715612879.8130937,0.961546778678894,0.9560999870300292,0.953125,10788,23,415.45963859558105,10764,{'runtime': 414},0.13525499403476715,0.16660217940807345,False,0.9,0.999,translateW,21,translateH_and_or_W,downsampled_mnist,0,3,60000,True,128,-1,True,True,0,4,0.001,343
118,super-sweep-82,0.18379199504852295,1715612269.423677,0.9408303499221802,0.932699978351593,0.9609375,9849,21,463.60583090782166,9828,{'runtime': 462},0.2028099000453949,0.07476931810379028,False,0.9,0.999,translateW,21,translateH_and_or_W,downsampled_mnist,0,3,60000,True,128,-1,True,True,0,4,0.001,147
119,vague-sweep-81,0.2935725152492523,1715612446.029419,0.90645033121109,0.8991000056266785,0.90625,15947,34,628.4697618484497,15912,{'runtime': 627},0.30125197768211365,0.29611024260520935,False,0.9,0.999,translateW,21,translateH_and_or_W,downsampled_mnist,0,3,60000,True,128,-1,True,True,0,4,0.001,49
120,youthful-sweep-80,0.10150089114904404,1715611793.15313,0.966187596321106,0.9599000215530396,0.9609375,9380,20,448.0226089954376,9360,{'runtime': 446},0.12657158076763153,0.10921431332826614,False,0.9,0.999,translateW,20,translateH_and_or_W,downsampled_mnist,0,3,60000,True,128,-1,True,True,0,4,0.001,931
121,glowing-sweep-79,0.10763880610466003,1715611803.0582807,0.9641759991645812,0.9563000202178956,0.9453125,16416,35,626.099155664444,16380,{'runtime': 624},0.1432988941669464,0.1076463982462883,False,0.9,0.999,translateW,20,translateH_and_or_W,downsampled_mnist,0,3,60000,True,128,-1,True,True,0,4,0.001,343
122,fluent-sweep-78,0.1618916541337967,1715611328.524092,0.9477163553237916,0.9419000148773192,0.953125,13601,29,646.0422840118408,13572,{'runtime': 644},0.17724694311618805,0.22919291257858276,False,0.9,0.999,translateW,20,translateH_and_or_W,downsampled_mnist,0,3,60000,True,128,-1,True,True,0,4,0.001,147
123,daily-sweep-77,0.2636629343032837,1715610669.7234583,0.9146550893783568,0.9133999943733216,0.890625,10318,22,484.59899950027466,10296,{'runtime': 483},0.27361416816711426,0.31205159425735474,False,0.9,0.999,translateW,20,translateH_and_or_W,downsampled_mnist,0,3,60000,True,128,-1,True,True,0,4,0.001,49
124,copper-sweep-76,0.06275977939367294,1715611162.386475,0.9780398607254028,0.9679999947547911,0.96875,18761,40,743.1536190509796,18720,{'runtime': 741},0.10069900751113892,0.07779669761657715,False,0.9,0.999,translateW,19,translateH_and_or_W,downsampled_mnist,0,3,60000,True,128,-1,True,True,0,4,0.001,931
125,cosmic-sweep-75,0.1297881156206131,1715610404.975978,0.9582331776618958,0.9531000256538392,0.9453125,9381,20,377.3848042488098,9360,{'runtime': 376},0.14838950335979462,0.2214579731225967,False,0.9,0.999,translateW,19,translateH_and_or_W,downsampled_mnist,0,3,60000,True,128,-1,True,True,0,4,0.001,343
126,dark-sweep-74,0.18735668063163757,1715610170.8939145,0.9400540590286256,0.9368000030517578,0.9296875,9849,21,467.3221764564514,9828,{'runtime': 466},0.19838778674602509,0.21168938279151917,False,0.9,0.999,translateW,19,translateH_and_or_W,downsampled_mnist,0,3,60000,True,128,-1,True,True,0,4,0.001,147
127,magic-sweep-73,0.3776671886444092,1715610013.78331,0.8830879330635071,0.8816999793052673,0.875,7505,16,298.5858328342438,7488,{'runtime': 297},0.37490972876548767,0.3449952304363251,False,0.9,0.999,translateW,19,translateH_and_or_W,downsampled_mnist,0,3,60000,True,128,-1,True,True,0,4,0.001,49
128,tough-sweep-72,0.127056822180748,1715609698.8815415,0.9598106741905212,0.9520999789237976,0.96875,6567,14,264.4679594039917,6552,{'runtime': 263},0.14497777819633484,0.08388908207416534,False,0.9,0.999,translateW,18,translateH_and_or_W,downsampled_mnist,0,3,60000,True,128,-1,True,True,0,4,0.001,931
129,mild-sweep-71,0.10573932528495789,1715609691.18481,0.964768648147583,0.9575999975204468,0.984375,16415,35,777.6469888687134,16380,{'runtime': 776},0.13158202171325684,0.06842025369405746,False,0.9,0.999,translateW,18,translateH_and_or_W,downsampled_mnist,0,3,60000,True,128,-1,True,True,0,4,0.001,343
130,royal-sweep-70,0.2034452110528946,1715609418.3992743,0.9345369338989258,0.9336000084877014,0.921875,6567,14,264.5404393672943,6552,{'runtime': 263},0.20905710756778717,0.17533636093139648,False,0.9,0.999,translateW,18,translateH_and_or_W,downsampled_mnist,0,3,60000,True,128,-1,True,True,0,4,0.001,147
131,breezy-sweep-69,0.36149123311042786,1715609140.6696208,0.8914262652397156,0.8834999799728394,0.953125,7505,16,299.11961674690247,7488,{'runtime': 298},0.3703814446926117,0.21094486117362976,False,0.9,0.999,translateW,18,translateH_and_or_W,downsampled_mnist,0,3,60000,True,128,-1,True,True,0,4,0.001,49
132,splendid-sweep-68,0.0796075239777565,1715608828.8746274,0.9722388982772828,0.9585000276565552,0.96875,13602,29,538.0641493797302,13572,{'runtime': 536},0.12313682585954666,0.11366501450538637,False,0.9,0.999,translateW,17,translateH_and_or_W,downsampled_mnist,0,3,60000,True,128,-1,True,True,0,4,0.001,931
133,unique-sweep-67,0.09195058792829514,1715608899.7050896,0.96869158744812,0.9564999938011168,0.953125,19229,41,907.3888065814972,19188,{'runtime': 906},0.1391225308179855,0.16042272746562958,False,0.9,0.999,translateW,17,translateH_and_or_W,downsampled_mnist,0,3,60000,True,128,-1,True,True,0,4,0.001,343
134,fast-sweep-66,0.1600235402584076,1715608275.329656,0.9475577473640442,0.941100001335144,0.9765625,13133,28,518.8606398105621,13104,{'runtime': 517},0.18414948880672455,0.1118125319480896,False,0.9,0.999,translateW,17,translateH_and_or_W,downsampled_mnist,0,3,60000,True,128,-1,True,True,0,4,0.001,147
135,dutiful-sweep-65,0.3312647044658661,1715607744.6172276,0.9025774598121644,0.8873999714851379,0.875,10319,22,406.9619884490967,10296,{'runtime': 405},0.36382943391799927,0.3982263207435608,False,0.9,0.999,translateW,17,translateH_and_or_W,downsampled_mnist,0,3,60000,True,128,-1,True,True,0,4,0.001,49
136,swept-sweep-64,0.04731018468737602,1715607979.6320038,0.9836488366127014,0.9656000137329102,0.9765625,24857,53,1168.8691818714142,24804,{'runtime': 1167},0.11193642765283585,0.049599915742874146,False,0.9,0.999,translateW,16,translateH_and_or_W,downsampled_mnist,0,3,60000,True,128,-1,True,True,0,4,0.001,931
137,curious-sweep-63,0.12005408853292464,1715607321.3145075,0.96145498752594,0.9519000053405762,0.96875,11726,25,470.7599995136261,11700,{'runtime': 469},0.15039540827274325,0.07221189886331558,False,0.9,0.999,translateW,16,translateH_and_or_W,downsampled_mnist,0,3,60000,True,128,-1,True,True,0,4,0.001,343
138,glad-sweep-62,0.2087652683258057,1715606797.4297,0.9359225034713744,0.9261999726295472,0.96875,7973,17,379.2916359901428,7956,{'runtime': 378},0.22984527051448825,0.14700306951999664,False,0.9,0.999,translateW,16,translateH_and_or_W,downsampled_mnist,0,3,60000,True,128,-1,True,True,0,4,0.001,147
139,treasured-sweep-61,0.34761425852775574,1715606835.7537556,0.8905248641967773,0.8780999779701233,0.90625,9850,21,376.68974447250366,9828,{'runtime': 375},0.3841414451599121,0.2745574116706848,False,0.9,0.999,translateW,16,translateH_and_or_W,downsampled_mnist,0,3,60000,True,128,-1,True,True,0,4,0.001,49
140,dutiful-sweep-60,0.08852075040340424,1715606403.870959,0.971036970615387,0.9635000228881836,0.9453125,12663,27,604.840842962265,12636,{'runtime': 603},0.12298453599214554,0.20743106305599213,False,0.9,0.999,translateW,15,translateH_and_or_W,downsampled_mnist,0,3,60000,True,128,-1,True,True,0,4,0.001,931
141,honest-sweep-59,0.09267497062683104,1715606441.0859797,0.9686247706413268,0.9593999981880188,0.96875,19699,42,756.5936417579651,19656,{'runtime': 755},0.12790217995643616,0.06875426322221756,False,0.9,0.999,translateW,15,translateH_and_or_W,downsampled_mnist,0,3,60000,True,128,-1,True,True,0,4,0.001,343
142,devout-sweep-58,0.28956297039985657,1715605669.1530046,0.9123013615608216,0.904699981212616,0.9296875,3284,7,127.66662359237672,3276,{'runtime': 126},0.2936049997806549,0.16270257532596588,False,0.9,0.999,translateW,15,translateH_and_or_W,downsampled_mnist,0,3,60000,True,128,-1,True,True,0,4,0.001,147
143,dauntless-sweep-57,0.30402421951293945,1715605784.9254737,0.9078274965286256,0.8949000239372253,0.8984375,17353,37,816.875973701477,17316,{'runtime': 815},0.3236086070537567,0.3007020950317383,False,0.9,0.999,translateW,15,translateH_and_or_W,downsampled_mnist,0,3,60000,True,128,-1,True,True,0,4,0.001,49
144,prime-sweep-56,0.09008656442165376,1715605525.719112,0.9704694151878356,0.958400011062622,0.953125,11726,25,456.58012199401855,11700,{'runtime': 455},0.1305798590183258,0.12520134449005127,False,0.9,0.999,translateW,14,translateH_and_or_W,downsampled_mnist,0,3,60000,True,128,-1,True,True,0,4,0.001,931
145,royal-sweep-55,0.14728794991970062,1715605055.7184677,0.95209002494812,0.9416000247001648,0.9609375,6098,13,246.13196849823,6084,{'runtime': 245},0.17167745530605316,0.09625711292028429,False,0.9,0.999,translateW,14,translateH_and_or_W,downsampled_mnist,0,3,60000,True,128,-1,True,True,0,4,0.001,343
146,devoted-sweep-54,0.15161126852035522,1715604949.9859817,0.9493188858032228,0.9427000284194946,0.9765625,13132,28,622.704559803009,13104,{'runtime': 621},0.1842428892850876,0.08131429553031921,False,0.9,0.999,translateW,14,translateH_and_or_W,downsampled_mnist,0,3,60000,True,128,-1,True,True,0,4,0.001,147
147,glorious-sweep-53,0.3222094476222992,1715604311.2044852,0.9006744027137756,0.8910999894142151,0.8984375,13132,28,619.6494672298431,13104,{'runtime': 618},0.34239235520362854,0.24803242087364197,False,0.9,0.999,translateW,14,translateH_and_or_W,downsampled_mnist,0,3,60000,True,128,-1,True,True,0,4,0.001,49
148,confused-sweep-52,0.06186212971806526,1715604791.884653,0.9790831804275512,0.9657999873161316,0.96875,21106,45,834.7637972831726,21060,{'runtime': 833},0.11621755361557008,0.07688795030117035,False,0.9,0.999,translateW,13,translateH_and_or_W,downsampled_mnist,0,3,60000,True,128,-1,True,True,0,4,0.001,931
149,woven-sweep-51,0.12852390110492706,1715603941.8151493,0.9595519304275512,0.9519000053405762,0.96875,10788,23,421.2621042728424,10764,{'runtime': 420},0.15193824470043182,0.08234306424856186,False,0.9,0.999,translateW,13,translateH_and_or_W,downsampled_mnist,0,3,60000,True,128,-1,True,True,0,4,0.001,343
150,worthy-sweep-50,0.14579786360263824,1715603675.182138,0.9529079794883728,0.9409999847412108,0.9765625,14070,30,656.7896330356598,14040,{'runtime': 655},0.16965262591838837,0.10746441781520844,False,0.9,0.999,translateW,13,translateH_and_or_W,downsampled_mnist,0,3,60000,True,128,-1,True,True,0,4,0.001,147
151,woven-sweep-49,0.2665506601333618,1715603503.7557342,0.915681779384613,0.909500002861023,0.90625,13602,29,528.5082631111145,13572,{'runtime': 527},0.2816123068332672,0.25795865058898926,False,0.9,0.999,translateW,13,translateH_and_or_W,downsampled_mnist,0,3,60000,True,128,-1,True,True,0,4,0.001,49
152,hardy-sweep-48,0.08338043838739395,1715603001.7857792,0.9714710116386414,0.9631999731063844,0.953125,12663,27,602.7759501934052,12636,{'runtime': 601},0.11407533288002014,0.14177006483078003,False,0.9,0.999,translateW,12,translateH_and_or_W,downsampled_mnist,0,3,60000,True,128,-1,True,True,0,4,0.001,931
153,kind-sweep-47,0.1241052746772766,1715602959.1386366,0.9593600034713744,0.9532999992370604,0.9453125,9850,21,375.29592967033386,9828,{'runtime': 373},0.142949178814888,0.12137582153081894,False,0.9,0.999,translateW,12,translateH_and_or_W,downsampled_mnist,0,3,60000,True,128,-1,True,True,0,4,0.001,343
154,confused-sweep-46,0.16620856523513794,1715602385.3494697,0.947190523147583,0.940500020980835,0.9453125,10318,22,489.5877215862274,10296,{'runtime': 488},0.18938033282756803,0.13571791350841522,False,0.9,0.999,translateW,12,translateH_and_or_W,downsampled_mnist,0,3,60000,True,128,-1,True,True,0,4,0.001,147
155,pretty-sweep-45,0.26033398509025574,1715602566.2112856,0.9164830446243286,0.9128999710083008,0.9453125,13602,29,544.1741766929626,13572,{'runtime': 543},0.27088814973831177,0.18697227537631989,False,0.9,0.999,translateW,12,translateH_and_or_W,downsampled_mnist,0,3,60000,True,128,-1,True,True,0,4,0.001,49
156,visionary-sweep-44,0.09451252967119216,1715601883.0389106,0.9682658910751344,0.96069997549057,0.984375,10318,22,490.72989153862,10296,{'runtime': 489},0.12221303582191469,0.10149792581796646,False,0.9,0.999,translateW,11,translateH_and_or_W,downsampled_mnist,0,3,60000,True,128,-1,True,True,0,4,0.001,931
157,spring-sweep-43,0.10116735845804214,1715602008.2585475,0.9662209749221802,0.9591000080108644,0.9609375,16416,35,648.931806564331,16380,{'runtime': 647},0.125096395611763,0.12704911828041077,False,0.9,0.999,translateW,11,translateH_and_or_W,downsampled_mnist,0,3,60000,True,128,-1,True,True,0,4,0.001,343
158,apricot-sweep-42,0.1847969591617584,1715601373.6097791,0.9412476420402528,0.939300000667572,0.9296875,7504,16,357.3084270954132,7488,{'runtime': 354},0.1962316781282425,0.1907319575548172,False,0.9,0.999,translateW,11,translateH_and_or_W,downsampled_mnist,0,3,60000,True,128,-1,True,True,0,4,0.001,147
159,glamorous-sweep-41,0.3901732265949249,1715601344.0383985,0.8778879642486572,0.8729000091552734,0.9296875,10788,23,429.3861713409424,10764,{'runtime': 428},0.3933510482311249,0.23763225972652435,False,0.9,0.999,translateW,11,translateH_and_or_W,downsampled_mnist,0,3,60000,True,128,-1,True,True,0,4,0.001,49
160,prime-sweep-40,0.1191082000732422,1715600897.6947494,0.9619808197021484,0.9521999955177308,0.9921875,7036,15,275.9007053375244,7020,{'runtime': 274},0.14466506242752075,0.08268697559833527,False,0.9,0.999,translateW,10,translateH_and_or_W,downsampled_mnist,0,3,60000,True,128,-1,True,True,0,4,0.001,931
161,blooming-sweep-39,0.11116203665733336,1715601000.6007898,0.9631410241127014,0.951200008392334,0.9609375,14539,31,688.3865797519684,14508,{'runtime': 686},0.15560801327228546,0.18532094359397888,False,0.9,0.999,translateW,10,translateH_and_or_W,downsampled_mnist,0,3,60000,True,128,-1,True,True,0,4,0.001,343
162,copper-sweep-38,0.21909727156162265,1715600296.2616718,0.9316155910491944,0.9212999939918518,0.9375,7035,15,333.63428378105164,7020,{'runtime': 332},0.24358171224594116,0.20129065215587616,False,0.9,0.999,translateW,10,translateH_and_or_W,downsampled_mnist,0,3,60000,True,128,-1,True,True,0,4,0.001,147
163,morning-sweep-37,0.346302330493927,1715600605.4809418,0.8902076482772827,0.8841000199317932,0.9453125,9850,21,380.5695526599884,9828,{'runtime': 379},0.3753957152366638,0.23167771100997925,False,0.9,0.999,translateW,10,translateH_and_or_W,downsampled_mnist,0,3,60000,True,128,-1,True,True,0,4,0.001,49
164,absurd-sweep-36,0.10197994858026505,1715599944.6624336,0.9664546847343444,0.9589999914169312,0.9609375,8911,19,426.79377269744873,8892,{'runtime': 425},0.12773838639259338,0.10611370205879211,False,0.9,0.999,translateW,9,translateH_and_or_W,downsampled_mnist,0,3,60000,True,128,-1,True,True,0,4,0.001,931
165,driven-sweep-35,0.11655813455581664,1715600206.713263,0.960770547389984,0.9563999772071838,0.9453125,11726,25,458.4153599739074,11700,{'runtime': 457},0.14001046121120453,0.12971755862236023,False,0.9,0.999,translateW,9,translateH_and_or_W,downsampled_mnist,0,3,60000,True,128,-1,True,True,0,4,0.001,343
166,desert-sweep-34,0.2065020501613617,1715599732.4078028,0.9331430196762084,0.930899977684021,0.9453125,6098,13,238.34593081474304,6084,{'runtime': 237},0.22332358360290527,0.1962221562862396,False,0.9,0.999,translateW,9,translateH_and_or_W,downsampled_mnist,0,3,60000,True,128,-1,True,True,0,4,0.001,147
167,quiet-sweep-33,0.3115871250629425,1715599499.378676,0.8992637991905212,0.8944000005722046,0.890625,10318,22,489.9885399341583,10296,{'runtime': 488},0.32836583256721497,0.3431759476661682,False,0.9,0.999,translateW,9,translateH_and_or_W,downsampled_mnist,0,3,60000,True,128,-1,True,True,0,4,0.001,49
168,driven-sweep-32,0.08647062629461288,1715599476.5873446,0.9709952473640442,0.9641000032424928,0.96875,11726,25,480.442049741745,11700,{'runtime': 479},0.11043016612529756,0.05057856440544128,False,0.9,0.999,translateW,8,translateH_and_or_W,downsampled_mnist,0,3,60000,True,128,-1,True,True,0,4,0.001,931
169,serene-sweep-31,0.1005394160747528,1715598991.786467,0.9664045572280884,0.9592999815940856,0.96875,15946,34,753.5249559879303,15912,{'runtime': 752},0.12585371732711792,0.07110433280467987,False,0.9,0.999,translateW,8,translateH_and_or_W,downsampled_mnist,0,3,60000,True,128,-1,True,True,0,4,0.001,343
170,hardy-sweep-30,0.15452559292316437,1715598978.234158,0.950545847415924,0.9455999732017516,0.96875,18292,39,708.3762829303741,18252,{'runtime': 707},0.16592532396316528,0.0924062803387642,False,0.9,0.999,translateW,8,translateH_and_or_W,downsampled_mnist,0,3,60000,True,128,-1,True,True,0,4,0.001,147
171,devoted-sweep-29,0.2536044120788574,1715598254.3405774,0.917326033115387,0.9132999777793884,0.90625,12664,27,508.9443044662475,12636,{'runtime': 507},0.26530107855796814,0.2197214961051941,False,0.9,0.999,translateW,8,translateH_and_or_W,downsampled_mnist,0,3,60000,True,128,-1,True,True,0,4,0.001,49
172,easy-sweep-28,0.06776393204927444,1715598220.724656,0.97825688123703,0.963800013065338,0.984375,21574,46,1024.7441489696505,21528,{'runtime': 1023},0.11334364116191864,0.029199084267020226,False,0.9,0.999,translateW,7,translateH_and_or_W,downsampled_mnist,0,3,60000,True,128,-1,True,True,0,4,0.001,931
173,effortless-sweep-27,0.12767980992794037,1715597731.429749,0.9587339758872986,0.9539999961853028,0.9140625,9850,21,378.0603210926056,9828,{'runtime': 376},0.13927166163921356,0.23856598138809204,False,0.9,0.999,translateW,7,translateH_and_or_W,downsampled_mnist,0,3,60000,True,128,-1,True,True,0,4,0.001,343
174,celestial-sweep-26,0.15695765614509585,1715597340.0490158,0.949661135673523,0.944700002670288,0.9375,14540,31,590.1630387306213,14508,{'runtime': 589},0.17055195569992063,0.15266989171504974,False,0.9,0.999,translateW,7,translateH_and_or_W,downsampled_mnist,0,3,60000,True,128,-1,True,True,0,4,0.001,147
175,pleasant-sweep-25,0.23797239363193512,1715597181.2387412,0.9221504330635072,0.9192000031471252,0.9140625,22981,49,1080.7015211582184,22932,{'runtime': 1079},0.24499653279781344,0.2913283109664917,False,0.9,0.999,translateW,7,translateH_and_or_W,downsampled_mnist,0,3,60000,True,128,-1,True,True,0,4,0.001,49
176,woven-sweep-24,0.08346044272184372,1715596737.0503085,0.97064471244812,0.964900016784668,0.984375,11257,24,459.80896735191345,11232,{'runtime': 458},0.10808326303958891,0.05642852187156677,False,0.9,0.999,translateW,6,translateH_and_or_W,downsampled_mnist,0,3,60000,True,128,-1,True,True,0,4,0.001,931
177,splendid-sweep-23,0.11313896626234056,1715596085.0032022,0.96263188123703,0.9563000202178956,0.96875,12663,27,605.0320971012115,12636,{'runtime': 603},0.13254046440124512,0.07681438326835632,False,0.9,0.999,translateW,6,translateH_and_or_W,downsampled_mnist,0,3,60000,True,128,-1,True,True,0,4,0.001,343
178,bright-sweep-22,0.15337274968624115,1715596264.444125,0.9480919241905212,0.948099970817566,0.96875,16416,35,645.362254858017,16380,{'runtime': 644},0.16123037040233612,0.1498093605041504,False,0.9,0.999,translateW,6,translateH_and_or_W,downsampled_mnist,0,3,60000,True,128,-1,True,True,0,4,0.001,147
179,electric-sweep-21,0.5316135287284851,1715595463.2834122,0.8436331748962402,0.8300999999046326,0.8984375,5628,12,269.3620562553406,5616,{'runtime': 267},0.5220379829406738,0.3362610638141632,False,0.9,0.999,translateW,6,translateH_and_or_W,downsampled_mnist,0,3,60000,True,128,-1,True,True,0,4,0.001,49
180,radiant-sweep-20,0.10084821283817293,1715595175.9593406,0.9663711786270142,0.960200011730194,0.9453125,8911,19,426.4196364879608,8892,{'runtime': 425},0.12264932692050934,0.15540488064289093,False,0.9,0.999,translateW,5,translateH_and_or_W,downsampled_mnist,0,3,60000,True,128,-1,True,True,0,4,0.001,931
181,floral-sweep-19,0.09589117020368576,1715595604.4304264,0.9678401947021484,0.9609000086784364,0.9765625,17354,37,679.3821923732758,17316,{'runtime': 678},0.1245994046330452,0.05753253400325775,False,0.9,0.999,translateW,5,translateH_and_or_W,downsampled_mnist,0,3,60000,True,128,-1,True,True,0,4,0.001,343
182,tough-sweep-18,0.1899745017290115,1715594912.4299345,0.9403212070465088,0.9341999888420104,0.921875,9850,21,379.067036151886,9828,{'runtime': 377},0.20234493911266327,0.2168913185596466,False,0.9,0.999,translateW,5,translateH_and_or_W,downsampled_mnist,0,3,60000,True,128,-1,True,True,0,4,0.001,147
183,wise-sweep-17,0.22079363465309143,1715594733.5539696,0.927901327610016,0.9239000082015992,0.9375,17353,37,814.9709787368774,17316,{'runtime': 813},0.231046125292778,0.1671031415462494,False,0.9,0.999,translateW,5,translateH_and_or_W,downsampled_mnist,0,3,60000,True,128,-1,True,True,0,4,0.001,49
184,toasty-sweep-16,0.09272810071706772,1715594517.9781792,0.9696013331413268,0.964299976825714,0.9765625,11726,25,477.1980211734772,11700,{'runtime': 476},0.11558571457862854,0.05810797959566116,False,0.9,0.999,translateW,4,translateH_and_or_W,downsampled_mnist,0,3,60000,True,128,-1,True,True,0,4,0.001,931
185,icy-sweep-15,0.12154434621334076,1715594027.0048373,0.9605786204338074,0.9538000226020812,0.9921875,11257,24,436.2605092525482,11232,{'runtime': 435},0.143331840634346,0.06765227019786835,False,0.9,0.999,translateW,4,translateH_and_or_W,downsampled_mnist,0,3,60000,True,128,-1,True,True,0,4,0.001,343
186,solar-sweep-14,0.15644487738609314,1715593901.6580565,0.9483590126037598,0.9459999799728394,0.953125,13132,28,618.3711383342743,13104,{'runtime': 617},0.17200715839862823,0.16230057179927826,False,0.9,0.999,translateW,4,translateH_and_or_W,downsampled_mnist,0,3,60000,True,128,-1,True,True,0,4,0.001,147
187,rose-sweep-13,0.208878293633461,1715593575.2647245,0.9307725429534912,0.9244999885559082,0.9296875,24389,52,928.0897002220154,24336,{'runtime': 926},0.22976471483707428,0.24581311643123627,False,0.9,0.999,translateW,4,translateH_and_or_W,downsampled_mnist,0,3,60000,True,128,-1,True,True,0,4,0.001,49
188,morning-sweep-12,0.06669612973928452,1715593265.2608137,0.9777644276618958,0.9657999873161316,0.9921875,19229,41,913.6420965194702,19188,{'runtime': 912},0.10985177010297777,0.02836090885102749,False,0.9,0.999,translateW,3,translateH_and_or_W,downsampled_mnist,0,3,60000,True,128,-1,True,True,0,4,0.001,931
189,ancient-sweep-11,0.16399848461151123,1715592633.9558864,0.9466897249221802,0.940400004386902,0.9375,5160,11,203.875604391098,5148,{'runtime': 202},0.18050691485404968,0.19833166897296903,False,0.9,0.999,translateW,3,translateH_and_or_W,downsampled_mnist,0,3,60000,True,128,-1,True,True,0,4,0.001,343
190,curious-sweep-10,0.19617320597171783,1715592415.9651914,0.9387269616127014,0.9350000023841858,0.9140625,11257,24,436.04070234298706,11232,{'runtime': 434},0.2133507877588272,0.2529713809490204,False,0.9,0.999,translateW,3,translateH_and_or_W,downsampled_mnist,0,3,60000,True,128,-1,True,True,0,4,0.001,147
191,gentle-sweep-9,0.30119380354881287,1715592333.6079233,0.9040214419364928,0.9024999737739564,0.875,14070,30,664.9536583423615,14040,{'runtime': 663},0.3118627071380615,0.3893303871154785,False,0.9,0.999,translateW,3,translateH_and_or_W,downsampled_mnist,0,3,60000,True,128,-1,True,True,0,4,0.001,49
192,volcanic-sweep-8,0.07531643658876419,1715591965.48124,0.974517583847046,0.9653000235557556,0.953125,15478,33,605.1981749534607,15444,{'runtime': 604},0.11536674946546556,0.10940369963645936,False,0.9,0.999,translateW,2,translateH_and_or_W,downsampled_mnist,0,3,60000,True,128,-1,True,True,0,4,0.001,931
193,bright-sweep-7,0.09967485070228577,1715591648.279327,0.966187596321106,0.9574000239372252,0.953125,15477,33,732.5463528633118,15444,{'runtime': 731},0.1285649538040161,0.15407322347164154,False,0.9,0.999,translateW,2,translateH_and_or_W,downsampled_mnist,0,3,60000,True,128,-1,True,True,0,4,0.001,343
194,balmy-sweep-6,0.20912864804267883,1715591347.5282545,0.9337022304534912,0.9261000156402588,0.9609375,7036,15,278.3260931968689,7020,{'runtime': 277},0.22456437349319455,0.18508698046207428,False,0.9,0.999,translateW,2,translateH_and_or_W,downsampled_mnist,0,3,60000,True,128,-1,True,True,0,4,0.001,147
195,revived-sweep-5,0.2540695369243622,1715591052.9357042,0.9173761606216432,0.9175999760627748,0.890625,14540,31,573.0953302383423,14508,{'runtime': 571},0.2663843333721161,0.3064577877521515,False,0.9,0.999,translateW,2,translateH_and_or_W,downsampled_mnist,0,3,60000,True,128,-1,True,True,0,4,0.001,49
196,graceful-sweep-4,0.06874588876962662,1715590901.5850458,0.9768379330635072,0.965399980545044,0.984375,17822,38,842.792858839035,17784,{'runtime': 841},0.11092817038297652,0.052496302872896194,False,0.9,0.999,translateW,1,translateH_and_or_W,downsampled_mnist,0,3,60000,True,128,-1,True,True,0,4,0.001,931
197,rose-sweep-3,0.09570395946502686,1715590466.7339566,0.968416154384613,0.9578999876976012,1.0,18292,39,712.4706835746765,18252,{'runtime': 711},0.13293731212615967,0.022828375920653343,False,0.9,0.999,translateW,1,translateH_and_or_W,downsampled_mnist,0,3,60000,True,128,-1,True,True,0,4,0.001,343
198,classic-sweep-2,0.11580229550600052,1715590044.3846064,0.9609041213989258,0.9514999985694884,0.9609375,18291,39,858.7258954048157,18252,{'runtime': 860},0.15304730832576752,0.1106705442070961,False,0.9,0.999,translateW,1,translateH_and_or_W,downsampled_mnist,0,3,60000,True,128,-1,True,True,0,4,0.001,147
199,fresh-sweep-1,0.3276592195034027,1715589736.844261,0.8950153589248657,0.8896999955177307,0.9375,8443,18,330.2180390357971,8424,{'runtime': 334},0.3452996015548706,0.1985771656036377,False,0.9,0.999,translateW,1,translateH_and_or_W,downsampled_mnist,0,3,60000,True,128,-1,True,True,0,4,0.001,49
