,Name,_wandb,_runtime,val_loss,train_loss,test_accuracy,train_accuracy,epoch,test_loss,_timestamp,val_accuracy,trainer/global_step,_step,cpu,beta1,beta2,group,aa_seed,augment,dataset,dropout,patience,num_train,batch_norm,batch_size,max_epochs,save_model,log_results,weight_decay,hidden_layers,learning_rate,hidden_group_channels
0,magic-sweep-200,{'runtime': 600},601.5956380367279,0.08607903867959976,0.10513362288475037,0.964900016784668,0.9453125,27,0.1209140345454216,1715645286.1858091,0.9715544581413268,12636,12663,False,0.9,0.999,translateW,50,translateH_and_or_W,downsampled_mnist,0,3,60000,True,128,-1,True,True,0,4,0.001,931
1,graceful-sweep-199,{'runtime': 599},600.4012010097504,0.10240790992975236,0.12934674322605133,0.9592999815940856,0.9765625,32,0.12624165415763855,1715645073.181192,0.966003954410553,14976,15009,False,0.9,0.999,translateW,50,translateH_and_or_W,downsampled_mnist,0,3,60000,True,128,-1,True,True,0,4,0.001,343
2,dulcet-sweep-198,{'runtime': 641},642.657422542572,0.16441011428833008,0.08144403249025345,0.9430000185966492,0.9765625,29,0.1763237565755844,1715644670.4798017,0.946380853652954,13572,13601,False,0.9,0.999,translateW,50,translateH_and_or_W,downsampled_mnist,0,3,60000,True,128,-1,True,True,0,4,0.001,147
3,curious-sweep-197,{'runtime': 574},576.149983882904,0.2953736186027527,0.2609112858772278,0.9025999903678894,0.921875,31,0.3102290630340576,1715644456.0376148,0.9125934839248656,14508,14540,False,0.9,0.999,translateW,50,translateH_and_or_W,downsampled_mnist,0,3,60000,True,128,-1,True,True,0,4,0.001,49
4,serene-sweep-196,{'runtime': 646},647.9701552391052,0.08503611385822296,0.07674034684896469,0.9621999859809875,0.9921875,29,0.11755623668432236,1715644008.1804905,0.97193843126297,13572,13601,False,0.9,0.999,translateW,49,translateH_and_or_W,downsampled_mnist,0,3,60000,True,128,-1,True,True,0,4,0.001,931
5,playful-sweep-195,{'runtime': 343},344.4876379966736,0.13334450125694275,0.1098206266760826,0.94650000333786,0.96875,19,0.1620079129934311,1715643864.347371,0.9566890597343444,8892,8912,False,0.9,0.999,translateW,49,translateH_and_or_W,downsampled_mnist,0,3,60000,True,128,-1,True,True,0,4,0.001,343
6,denim-sweep-194,{'runtime': 289},290.58606600761414,0.2149658203125,0.259033739566803,0.9280999898910522,0.9140625,13,0.2314581274986267,1715643343.378296,0.9317073822021484,6084,6097,False,0.9,0.999,translateW,49,translateH_and_or_W,downsampled_mnist,0,3,60000,True,128,-1,True,True,0,4,0.001,147
7,proud-sweep-193,{'runtime': 548},550.111252784729,0.3155314326286316,0.2901376783847809,0.8967000246047974,0.8984375,30,0.32491880655288696,1715643507.5354855,0.9004991054534912,14040,14071,False,0.9,0.999,translateW,49,translateH_and_or_W,downsampled_mnist,0,3,60000,True,128,-1,True,True,0,4,0.001,49
8,leafy-sweep-192,{'runtime': 553},554.3949320316315,0.08865822851657867,0.07221835106611252,0.964299976825714,0.96875,25,0.1149456575512886,1715643033.588699,0.9708032608032228,11700,11725,False,0.9,0.999,translateW,48,translateH_and_or_W,downsampled_mnist,0,3,60000,True,128,-1,True,True,0,4,0.001,931
9,genial-sweep-191,{'runtime': 626},627.3936116695404,0.09667681902647018,0.034911807626485825,0.9595999717712402,0.9921875,34,0.1270965039730072,1715642939.7560616,0.9669888615608216,15912,15947,False,0.9,0.999,translateW,48,translateH_and_or_W,downsampled_mnist,0,3,60000,True,128,-1,True,True,0,4,0.001,343
10,magic-sweep-190,{'runtime': 571},572.9556562900543,0.17194247245788574,0.12021774798631668,0.9366999864578248,0.9765625,26,0.19315798580646515,1715642464.1594932,0.947081983089447,12168,12194,False,0.9,0.999,translateW,48,translateH_and_or_W,downsampled_mnist,0,3,60000,True,128,-1,True,True,0,4,0.001,147
11,lyric-sweep-189,{'runtime': 416},417.9560620784759,0.3679526746273041,0.1934068351984024,0.883400022983551,0.953125,23,0.37694400548934937,1715642296.2759302,0.8914262652397156,10764,10788,False,0.9,0.999,translateW,48,translateH_and_or_W,downsampled_mnist,0,3,60000,True,128,-1,True,True,0,4,0.001,49
12,amber-sweep-188,{'runtime': 818},820.2040238380432,0.0673048347234726,0.0714210495352745,0.965399980545044,0.984375,37,0.10865311324596404,1715641874.8582518,0.976120114326477,17316,17353,False,0.9,0.999,translateW,47,translateH_and_or_W,downsampled_mnist,0,3,60000,True,128,-1,True,True,0,4,0.001,931
13,pleasant-sweep-187,{'runtime': 713},714.2048919200897,0.10271281003952026,0.1933777630329132,0.958199977874756,0.9375,38,0.13126680254936218,1715641861.873421,0.9657785892486572,17784,17823,False,0.9,0.999,translateW,47,translateH_and_or_W,downsampled_mnist,0,3,60000,True,128,-1,True,True,0,4,0.001,343
14,curious-sweep-186,{'runtime': 424},425.165424823761,0.16878816485404968,0.14065513014793396,0.9388999938964844,0.9296875,23,0.1842675656080246,1715641134.3901608,0.9435346722602844,10764,10788,False,0.9,0.999,translateW,47,translateH_and_or_W,downsampled_mnist,0,3,60000,True,128,-1,True,True,0,4,0.001,147
15,celestial-sweep-185,{'runtime': 732},733.4102382659912,0.2455919086933136,0.3466656506061554,0.911300003528595,0.8828125,33,0.27288883924484253,1715641039.0946944,0.9194210767745972,15444,15477,False,0.9,0.999,translateW,47,translateH_and_or_W,downsampled_mnist,0,3,60000,True,128,-1,True,True,0,4,0.001,49
16,laced-sweep-184,{'runtime': 631},632.330408334732,0.06949999928474426,0.10693306475877762,0.9659000039100648,0.9609375,34,0.10851029306650162,1715640691.1514232,0.9760867357254028,15912,15947,False,0.9,0.999,translateW,46,translateH_and_or_W,downsampled_mnist,0,3,60000,True,128,-1,True,True,0,4,0.001,931
17,lucky-sweep-183,{'runtime': 745},747.1172244548798,0.10263843834400176,0.10930366069078444,0.961899995803833,0.9765625,33,0.12265102565288544,1715640290.091267,0.9652944803237916,15444,15477,False,0.9,0.999,translateW,46,translateH_and_or_W,downsampled_mnist,0,3,60000,True,128,-1,True,True,0,4,0.001,343
18,mild-sweep-182,{'runtime': 276},277.4709279537201,0.22036242485046387,0.2000432312488556,0.9229999780654908,0.9296875,15,0.23478014767169952,1715640045.165244,0.9311147928237916,7020,7036,False,0.9,0.999,translateW,46,translateH_and_or_W,downsampled_mnist,0,3,60000,True,128,-1,True,True,0,4,0.001,147
19,rich-sweep-181,{'runtime': 488},489.5809593200683,0.27987292408943176,0.16445815563201904,0.9074000120162964,0.921875,22,0.29588446021080017,1715639529.1895473,0.9110994338989258,10296,10318,False,0.9,0.999,translateW,46,translateH_and_or_W,downsampled_mnist,0,3,60000,True,128,-1,True,True,0,4,0.001,49
20,light-sweep-180,{'runtime': 723},725.0343055725098,0.0695173367857933,0.10330308228731155,0.9667999744415284,0.96875,38,0.1034831553697586,1715639751.8041725,0.9760199785232544,17784,17823,False,0.9,0.999,translateW,45,translateH_and_or_W,downsampled_mnist,0,3,60000,True,128,-1,True,True,0,4,0.001,931
21,elated-sweep-179,{'runtime': 333},334.3973352909088,0.1305290013551712,0.15225829184055328,0.953499972820282,0.953125,18,0.14801864326000214,1715639011.7145202,0.9567474722862244,8424,8443,False,0.9,0.999,translateW,45,translateH_and_or_W,downsampled_mnist,0,3,60000,True,128,-1,True,True,0,4,0.001,343
22,treasured-sweep-178,{'runtime': 726},727.5658082962036,0.14083611965179443,0.1444324105978012,0.9490000009536744,0.9453125,33,0.15886637568473816,1715639024.9102564,0.9530165195465088,15444,15477,False,0.9,0.999,translateW,45,translateH_and_or_W,downsampled_mnist,0,3,60000,True,128,-1,True,True,0,4,0.001,147
23,fast-sweep-177,{'runtime': 220},221.44515419006348,0.3992907106876374,0.2729896903038025,0.8684999942779541,0.8984375,12,0.3973544538021088,1715638660.5576231,0.8784137964248657,5616,5629,False,0.9,0.999,translateW,45,translateH_and_or_W,downsampled_mnist,0,3,60000,True,128,-1,True,True,0,4,0.001,49
24,giddy-sweep-176,{'runtime': 267},268.28404688835144,0.12416286766529085,0.1590423285961151,0.9523000121116638,0.9453125,14,0.14417904615402222,1715638426.768385,0.9619224071502686,6552,6567,False,0.9,0.999,translateW,44,translateH_and_or_W,downsampled_mnist,0,3,60000,True,128,-1,True,True,0,4,0.001,931
25,eternal-sweep-175,{'runtime': 602},604.0159108638763,0.11531997472047806,0.12620480358600616,0.9556000232696532,0.9375,27,0.13929273188114166,1715638281.8053098,0.961822271347046,12636,12663,False,0.9,0.999,translateW,44,translateH_and_or_W,downsampled_mnist,0,3,60000,True,128,-1,True,True,0,4,0.001,343
26,vivid-sweep-174,{'runtime': 403},404.63495922088623,0.1758817732334137,0.13970303535461426,0.9402999877929688,0.953125,22,0.19366231560707092,1715638144.632023,0.9433426856994628,10296,10319,False,0.9,0.999,translateW,44,translateH_and_or_W,downsampled_mnist,0,3,60000,True,128,-1,True,True,0,4,0.001,147
27,fearless-sweep-173,{'runtime': 547},549.262120962143,0.3146427869796753,0.2339209020137787,0.8894000053405762,0.9296875,25,0.33504465222358704,1715637660.364334,0.9018429517745972,11700,11725,False,0.9,0.999,translateW,44,translateH_and_or_W,downsampled_mnist,0,3,60000,True,128,-1,True,True,0,4,0.001,49
28,dark-sweep-172,{'runtime': 645},646.9067261219025,0.07490340620279312,0.07646991312503815,0.9682000279426576,0.984375,34,0.10425890237092972,1715637725.5090742,0.9746427536010742,15912,15947,False,0.9,0.999,translateW,43,translateH_and_or_W,downsampled_mnist,0,3,60000,True,128,-1,True,True,0,4,0.001,931
29,gallant-sweep-171,{'runtime': 380},381.2355122566223,0.14420658349990845,0.20186853408813477,0.9509000182151794,0.9375,17,0.1573636680841446,1715637095.430302,0.9544270634651184,7956,7973,False,0.9,0.999,translateW,43,translateH_and_or_W,downsampled_mnist,0,3,60000,True,128,-1,True,True,0,4,0.001,343
30,olive-sweep-170,{'runtime': 536},537.3652181625366,0.1724979728460312,0.15879172086715698,0.9434000253677368,0.9609375,29,0.18026115000247955,1715637064.9841132,0.9451538920402528,13572,13602,False,0.9,0.999,translateW,43,translateH_and_or_W,downsampled_mnist,0,3,60000,True,128,-1,True,True,0,4,0.001,147
31,breezy-sweep-169,{'runtime': 924},926.0678977966307,0.3164573311805725,0.26762738823890686,0.8956999778747559,0.90625,42,0.3238508403301239,1715636697.4984329,0.8991886973381042,19656,19698,False,0.9,0.999,translateW,43,translateH_and_or_W,downsampled_mnist,0,3,60000,True,128,-1,True,True,0,4,0.001,49
32,crimson-sweep-168,{'runtime': 583},585.0848429203033,0.07761635631322861,0.0772109255194664,0.9648000001907348,0.96875,31,0.11265022307634354,1715636514.734053,0.9731403589248656,14508,14540,False,0.9,0.999,translateW,42,translateH_and_or_W,downsampled_mnist,0,3,60000,True,128,-1,True,True,0,4,0.001,931
33,daily-sweep-167,{'runtime': 554},555.9837300777435,0.11078139394521712,0.05396164581179619,0.9531999826431274,0.984375,25,0.14199692010879517,1715635755.161418,0.9623814821243286,11700,11725,False,0.9,0.999,translateW,42,translateH_and_or_W,downsampled_mnist,0,3,60000,True,128,-1,True,True,0,4,0.001,343
34,silver-sweep-166,{'runtime': 697},698.6863796710968,0.12989258766174316,0.05448594316840172,0.9491999745368958,0.984375,39,0.16198526322841644,1715635913.538107,0.95780748128891,18252,18292,False,0.9,0.999,translateW,42,translateH_and_or_W,downsampled_mnist,0,3,60000,True,128,-1,True,True,0,4,0.001,147
35,sweepy-sweep-165,{'runtime': 309},311.20004320144653,0.3631815314292908,0.33668214082717896,0.8816999793052673,0.8984375,14,0.3804429769515991,1715635181.4101722,0.8897068500518799,6552,6566,False,0.9,0.999,translateW,42,translateH_and_or_W,downsampled_mnist,0,3,60000,True,128,-1,True,True,0,4,0.001,49
36,quiet-sweep-164,{'runtime': 310},311.6010549068451,0.11558620631694794,0.08184543251991272,0.9502000212669371,0.96875,17,0.1465299427509308,1715635197.589932,0.96211439371109,7956,7974,False,0.9,0.999,translateW,41,translateH_and_or_W,downsampled_mnist,0,3,60000,True,128,-1,True,True,0,4,0.001,931
37,visionary-sweep-163,{'runtime': 633},634.3489181995392,0.11050942540168762,0.0815310999751091,0.9526000022888184,0.984375,28,0.14459016919136047,1715634853.0270631,0.9634164571762084,13104,13132,False,0.9,0.999,translateW,41,translateH_and_or_W,downsampled_mnist,0,3,60000,True,128,-1,True,True,0,4,0.001,343
38,resilient-sweep-162,{'runtime': 158},159.57664108276367,0.31951209902763367,0.2623307704925537,0.8913999795913696,0.921875,7,0.33784857392311096,1715634203.535156,0.908645510673523,3276,3283,False,0.9,0.999,translateW,41,translateH_and_or_W,downsampled_mnist,0,3,60000,True,128,-1,True,True,0,4,0.001,147
39,peach-sweep-161,{'runtime': 694},695.7928094863892,0.2253991961479187,0.3953558206558227,0.9186000227928162,0.8671875,38,0.25978565216064453,1715634872.0104244,0.9244458079338074,17784,17823,False,0.9,0.999,translateW,41,translateH_and_or_W,downsampled_mnist,0,3,60000,True,128,-1,True,True,0,4,0.001,49
40,stellar-sweep-160,{'runtime': 491},492.46206974983215,0.09267818182706831,0.05979815125465393,0.9617999792099,0.9765625,22,0.125803604722023,1715634027.8412378,0.9690003991127014,10296,10318,False,0.9,0.999,translateW,40,translateH_and_or_W,downsampled_mnist,0,3,60000,True,128,-1,True,True,0,4,0.001,931
41,ethereal-sweep-159,{'runtime': 685},686.5430016517639,0.1041448935866356,0.12377148121595384,0.96069997549057,0.9609375,37,0.13160395622253418,1715634158.1499827,0.9649605751037598,17316,17354,False,0.9,0.999,translateW,40,translateH_and_or_W,downsampled_mnist,0,3,60000,True,128,-1,True,True,0,4,0.001,343
42,major-sweep-158,{'runtime': 799},800.5133717060089,0.15828131139278412,0.1350366622209549,0.9435999989509584,0.953125,36,0.1795225292444229,1715633519.7993886,0.9488013982772828,16848,16884,False,0.9,0.999,translateW,40,translateH_and_or_W,downsampled_mnist,0,3,60000,True,128,-1,True,True,0,4,0.001,147
43,denim-sweep-157,{'runtime': 600},601.7925236225128,0.22577956318855288,0.2963569760322571,0.9225999712944032,0.9296875,33,0.248902291059494,1715633453.7830906,0.9268412590026855,15444,15478,False,0.9,0.999,translateW,40,translateH_and_or_W,downsampled_mnist,0,3,60000,True,128,-1,True,True,0,4,0.001,49
44,efficient-sweep-156,{'runtime': 515},517.1575162410736,0.08661151677370071,0.17657601833343506,0.9639000296592712,0.9453125,28,0.10939699411392212,1715632838.9977412,0.9710870981216432,13104,13133,False,0.9,0.999,translateW,39,translateH_and_or_W,downsampled_mnist,0,3,60000,True,128,-1,True,True,0,4,0.001,931
45,stellar-sweep-155,{'runtime': 661},662.7894604206085,0.11540332436561584,0.13548560440540314,0.9569000005722046,0.96875,30,0.13545149564743042,1715632703.7837465,0.9622395634651184,14040,14070,False,0.9,0.999,translateW,39,translateH_and_or_W,downsampled_mnist,0,3,60000,True,128,-1,True,True,0,4,0.001,343
46,likely-sweep-154,{'runtime': 397},399.3554813861847,0.2085385620594025,0.16043400764465332,0.9316999912261964,0.9609375,18,0.21625788509845736,1715632026.5708234,0.935621976852417,8424,8442,False,0.9,0.999,translateW,39,translateH_and_or_W,downsampled_mnist,0,3,60000,True,128,-1,True,True,0,4,0.001,147
47,iconic-sweep-153,{'runtime': 645},646.2762548923492,0.2856425940990448,0.3407653570175171,0.9064000248908995,0.875,35,0.288093239068985,1715632306.0385149,0.9093132615089417,16380,16416,False,0.9,0.999,translateW,39,translateH_and_or_W,downsampled_mnist,0,3,60000,True,128,-1,True,True,0,4,0.001,49
48,eager-sweep-152,{'runtime': 476},478.08092498779297,0.09112321585416794,0.041471853852272034,0.961300015449524,0.984375,26,0.11970129609107973,1715631645.339572,0.970168948173523,12168,12195,False,0.9,0.999,translateW,38,translateH_and_or_W,downsampled_mnist,0,3,60000,True,128,-1,True,True,0,4,0.001,931
49,honest-sweep-151,{'runtime': 730},731.2018311023712,0.10352401435375214,0.12329337000846864,0.958199977874756,0.9453125,33,0.12681224942207336,1715631611.6774502,0.9646517634391784,15444,15477,False,0.9,0.999,translateW,38,translateH_and_or_W,downsampled_mnist,0,3,60000,True,128,-1,True,True,0,4,0.001,343
50,good-sweep-150,{'runtime': 491},492.7528941631317,0.18126162886619568,0.06260033696889877,0.9350000023841858,0.9765625,27,0.19734728336334229,1715631151.421925,0.9422743320465088,12636,12664,False,0.9,0.999,translateW,38,translateH_and_or_W,downsampled_mnist,0,3,60000,True,128,-1,True,True,0,4,0.001,147
51,icy-sweep-149,{'runtime': 551},552.7808127403259,0.37176838517189026,0.24074643850326535,0.8733999729156494,0.921875,25,0.3947123885154724,1715630858.188979,0.8839226365089417,11700,11725,False,0.9,0.999,translateW,38,translateH_and_or_W,downsampled_mnist,0,3,60000,True,128,-1,True,True,0,4,0.001,49
52,winter-sweep-148,{'runtime': 597},598.3384017944336,0.08455398678779602,0.08495786041021347,0.963699996471405,0.9765625,27,0.11618487536907196,1715630288.1935308,0.9714125990867616,12636,12663,False,0.9,0.999,translateW,37,translateH_and_or_W,downsampled_mnist,0,3,60000,True,128,-1,True,True,0,4,0.001,931
53,radiant-sweep-147,{'runtime': 757},759.1681945323944,0.09894014149904252,0.07969813793897629,0.9621000289916992,0.96875,42,0.12450643628835678,1715630642.2029195,0.967681646347046,19656,19699,False,0.9,0.999,translateW,37,translateH_and_or_W,downsampled_mnist,0,3,60000,True,128,-1,True,True,0,4,0.001,343
54,dashing-sweep-146,{'runtime': 624},625.9227941036224,0.15138129889965057,0.20093663036823273,0.94760000705719,0.9453125,35,0.16600476205348969,1715629855.4541411,0.9499782919883728,16380,16416,False,0.9,0.999,translateW,37,translateH_and_or_W,downsampled_mnist,0,3,60000,True,128,-1,True,True,0,4,0.001,147
55,jumping-sweep-145,{'runtime': 190},191.83285403251648,0.4128360450267792,0.3999272882938385,0.8651999831199646,0.8828125,10,0.4231663048267365,1715629214.73721,0.8729550838470459,4680,4691,False,0.9,0.999,translateW,37,translateH_and_or_W,downsampled_mnist,0,3,60000,True,128,-1,True,True,0,4,0.001,49
56,serene-sweep-144,{'runtime': 924},925.6866648197174,0.06460180878639221,0.08477962017059326,0.9700999855995178,0.9765625,42,0.10404723137617113,1715629673.2722569,0.9771217107772828,19656,19698,False,0.9,0.999,translateW,36,translateH_and_or_W,downsampled_mnist,0,3,60000,True,128,-1,True,True,0,4,0.001,931
57,eager-sweep-143,{'runtime': 578},580.0809059143066,0.11170891672372818,0.1856626719236374,0.958400011062622,0.9609375,26,0.12980282306671145,1715628728.471702,0.962890625,12168,12194,False,0.9,0.999,translateW,36,translateH_and_or_W,downsampled_mnist,0,3,60000,True,128,-1,True,True,0,4,0.001,343
58,avid-sweep-142,{'runtime': 584},585.6968541145325,0.14923153817653656,0.09720354527235033,0.9470000267028807,0.9765625,32,0.16239246726036072,1715629006.2906082,0.9503706097602844,14976,15009,False,0.9,0.999,translateW,36,translateH_and_or_W,downsampled_mnist,0,3,60000,True,128,-1,True,True,0,4,0.001,147
59,breezy-sweep-141,{'runtime': 290},291.3091037273407,0.49932798743247986,0.3839451670646667,0.8339999914169312,0.8671875,16,0.503487229347229,1715628404.3710296,0.8558109402656555,7488,7505,False,0.9,0.999,translateW,36,translateH_and_or_W,downsampled_mnist,0,3,60000,True,128,-1,True,True,0,4,0.001,49
60,rare-sweep-140,{'runtime': 401},402.9580855369568,0.10836004465818404,0.145938441157341,0.9556999802589417,0.9609375,18,0.13154803216457367,1715628130.4983115,0.9638838768005372,8424,8442,False,0.9,0.999,translateW,35,translateH_and_or_W,downsampled_mnist,0,3,60000,True,128,-1,True,True,0,4,0.001,931
61,dainty-sweep-139,{'runtime': 351},352.14569783210754,0.13308697938919067,0.1121467500925064,0.953499972820282,0.9609375,19,0.14893417060375214,1715628100.4625638,0.9572482705116272,8892,8912,False,0.9,0.999,translateW,35,translateH_and_or_W,downsampled_mnist,0,3,60000,True,128,-1,True,True,0,4,0.001,343
62,flowing-sweep-138,{'runtime': 381},382.2586622238159,0.1834511160850525,0.1991732120513916,0.9391999840736388,0.9375,21,0.19025461375713348,1715627733.7261293,0.941481351852417,9828,9850,False,0.9,0.999,translateW,35,translateH_and_or_W,downsampled_mnist,0,3,60000,True,128,-1,True,True,0,4,0.001,147
63,glad-sweep-137,{'runtime': 660},661.9865415096283,0.24970555305480957,0.25625234842300415,0.9164000153541564,0.8984375,30,0.2614852786064148,1715627708.5296435,0.91972154378891,14040,14070,False,0.9,0.999,translateW,35,translateH_and_or_W,downsampled_mnist,0,3,60000,True,128,-1,True,True,0,4,0.001,49
64,bumbling-sweep-136,{'runtime': 380},381.56361413002014,0.10742629319429398,0.12141187489032744,0.9534000158309937,0.953125,17,0.13499824702739716,1715627031.4963312,0.9647769927978516,7956,7973,False,0.9,0.999,translateW,34,translateH_and_or_W,downsampled_mnist,0,3,60000,True,128,-1,True,True,0,4,0.001,931
65,devout-sweep-135,{'runtime': 616},617.6857929229736,0.10293244570493698,0.08776702731847763,0.9574000239372252,0.96875,33,0.13212670385837555,1715627333.8897848,0.9662126302719116,15444,15478,False,0.9,0.999,translateW,34,translateH_and_or_W,downsampled_mnist,0,3,60000,True,128,-1,True,True,0,4,0.001,343
66,fluent-sweep-134,{'runtime': 528},530.0161964893341,0.17371264100074768,0.2113228291273117,0.9372000098228456,0.9375,24,0.1863015294075012,1715626633.9511924,0.9429670572280884,11232,11256,False,0.9,0.999,translateW,34,translateH_and_or_W,downsampled_mnist,0,3,60000,True,128,-1,True,True,0,4,0.001,147
67,generous-sweep-133,{'runtime': 522},523.3385493755341,0.24406401813030243,0.25090113282203674,0.916700005531311,0.9140625,29,0.25723379850387573,1715626699.6180215,0.92331063747406,13572,13602,False,0.9,0.999,translateW,34,translateH_and_or_W,downsampled_mnist,0,3,60000,True,128,-1,True,True,0,4,0.001,49
68,floral-sweep-132,{'runtime': 512},513.4718580245972,0.08901690691709518,0.08840613067150116,0.9609000086784364,0.9609375,23,0.12024842202663422,1715626088.874936,0.9695679545402528,10764,10787,False,0.9,0.999,translateW,33,translateH_and_or_W,downsampled_mnist,0,3,60000,True,128,-1,True,True,0,4,0.001,931
69,different-sweep-131,{'runtime': 750},751.1979176998138,0.09709607064723969,0.14975117146968842,0.9592999815940856,0.9375,41,0.12957720458507538,1715626160.2128518,0.9671975374221802,19188,19230,False,0.9,0.999,translateW,33,translateH_and_or_W,downsampled_mnist,0,3,60000,True,128,-1,True,True,0,4,0.001,343
70,sandy-sweep-130,{'runtime': 967},968.4672904014589,0.14373862743377686,0.14343439042568207,0.9451000094413756,0.9375,44,0.17575114965438843,1715625560.3563783,0.9535006284713744,20592,20636,False,0.9,0.999,translateW,33,translateH_and_or_W,downsampled_mnist,0,3,60000,True,128,-1,True,True,0,4,0.001,147
71,genial-sweep-129,{'runtime': 591},592.8510138988495,0.27158138155937195,0.20975755155086517,0.9093000292778016,0.9296875,32,0.28204959630966187,1715625392.4339688,0.9117254018783568,14976,15009,False,0.9,0.999,translateW,33,translateH_and_or_W,downsampled_mnist,0,3,60000,True,128,-1,True,True,0,4,0.001,49
72,genial-sweep-128,{'runtime': 385},386.738881111145,0.09433437138795853,0.08019042015075684,0.9598000049591064,0.9765625,20,0.12343520671129228,1715624785.1243622,0.9690588116645812,9360,9381,False,0.9,0.999,translateW,32,translateH_and_or_W,downsampled_mnist,0,3,60000,True,128,-1,True,True,0,4,0.001,931
73,worldly-sweep-127,{'runtime': 798},799.7599167823792,0.10293684899806976,0.1066964864730835,0.9557999968528748,0.9609375,36,0.13746389746665957,1715624576.8689957,0.965486466884613,16848,16884,False,0.9,0.999,translateW,32,translateH_and_or_W,downsampled_mnist,0,3,60000,True,128,-1,True,True,0,4,0.001,343
74,blooming-sweep-126,{'runtime': 476},477.22121834754944,0.18393070995807648,0.16144105792045593,0.9348999857902528,0.9296875,26,0.20747210085392,1715624385.8043003,0.9419571161270142,12168,12195,False,0.9,0.999,translateW,32,translateH_and_or_W,downsampled_mnist,0,3,60000,True,128,-1,True,True,0,4,0.001,147
75,playful-sweep-125,{'runtime': 481},482.58898401260376,0.3331664502620697,0.29762938618659973,0.8896999955177307,0.9140625,22,0.3479160964488983,1715623764.000117,0.8933543562889099,10296,10318,False,0.9,0.999,translateW,32,translateH_and_or_W,downsampled_mnist,0,3,60000,True,128,-1,True,True,0,4,0.001,49
76,rich-sweep-124,{'runtime': 478},479.8344650268554,0.09443650394678116,0.06945669651031494,0.959999978542328,0.984375,25,0.12002481520175934,1715623894.918789,0.969542920589447,11700,11726,False,0.9,0.999,translateW,31,translateH_and_or_W,downsampled_mnist,0,3,60000,True,128,-1,True,True,0,4,0.001,931
77,dandy-sweep-123,{'runtime': 149},150.78096103668213,0.2063450962305069,0.15038329362869263,0.9308000206947328,0.9375,8,0.2154106497764587,1715623396.3135622,0.9391610026359558,3744,3753,False,0.9,0.999,translateW,31,translateH_and_or_W,downsampled_mnist,0,3,60000,True,128,-1,True,True,0,4,0.001,343
78,vibrant-sweep-122,{'runtime': 312},313.4639630317688,0.2021365463733673,0.13372741639614105,0.932200014591217,0.953125,14,0.21292799711227417,1715623265.474339,0.9352547526359558,6552,6566,False,0.9,0.999,translateW,31,translateH_and_or_W,downsampled_mnist,0,3,60000,True,128,-1,True,True,0,4,0.001,147
79,driven-sweep-121,{'runtime': 380},381.88054370880127,0.4680662751197815,0.4536987841129303,0.8392000198364258,0.859375,17,0.4863056540489197,1715622931.8909788,0.8620292544364929,7956,7973,False,0.9,0.999,translateW,31,translateH_and_or_W,downsampled_mnist,0,3,60000,True,128,-1,True,True,0,4,0.001,49
80,skilled-sweep-120,{'runtime': 759},760.2196900844574,0.0650390014052391,0.05162588506937027,0.96670001745224,0.9765625,40,0.10432474315166472,1715623231.9537702,0.9775807857513428,18720,18761,False,0.9,0.999,translateW,30,translateH_and_or_W,downsampled_mnist,0,3,60000,True,128,-1,True,True,0,4,0.001,931
81,fast-sweep-119,{'runtime': 755},756.651852607727,0.10536504536867142,0.09600038081407548,0.958299994468689,0.9765625,34,0.13138121366500854,1715622533.9337966,0.9653362035751344,15912,15946,False,0.9,0.999,translateW,30,translateH_and_or_W,downsampled_mnist,0,3,60000,True,128,-1,True,True,0,4,0.001,343
82,blooming-sweep-118,{'runtime': 465},466.9852011203766,0.1581885814666748,0.14764420688152313,0.9426000118255616,0.9453125,25,0.18165896832942963,1715622455.9088652,0.9482338428497314,11700,11726,False,0.9,0.999,translateW,30,translateH_and_or_W,downsampled_mnist,0,3,60000,True,128,-1,True,True,0,4,0.001,147
83,elated-sweep-117,{'runtime': 406},407.5953152179718,0.2727802097797394,0.17959405481815338,0.8999000191688538,0.921875,23,0.30016446113586426,1715621972.5880532,0.9149889945983888,10764,10788,False,0.9,0.999,translateW,30,translateH_and_or_W,downsampled_mnist,0,3,60000,True,128,-1,True,True,0,4,0.001,49
84,glowing-sweep-116,{'runtime': 404},406.18182826042175,0.093404620885849,0.08025456964969635,0.9646999835968018,0.96875,22,0.11139334738254549,1715621549.6333303,0.9682825803756714,10296,10319,False,0.9,0.999,translateW,29,translateH_and_or_W,downsampled_mnist,0,3,60000,True,128,-1,True,True,0,4,0.001,931
85,stellar-sweep-115,{'runtime': 988},989.4326939582824,0.0879766196012497,0.08281613886356354,0.9610999822616576,0.9765625,45,0.1189897432923317,1715621761.3442469,0.9693092107772828,21060,21105,False,0.9,0.999,translateW,29,translateH_and_or_W,downsampled_mnist,0,3,60000,True,128,-1,True,True,0,4,0.001,343
86,glad-sweep-114,{'runtime': 627},629.3850042819977,0.1529985070228577,0.16684673726558685,0.948099970817566,0.953125,34,0.173848494887352,1715621121.7296722,0.9498364329338074,15912,15947,False,0.9,0.999,translateW,29,translateH_and_or_W,downsampled_mnist,0,3,60000,True,128,-1,True,True,0,4,0.001,147
87,solar-sweep-113,{'runtime': 597},598.3076438903809,0.23136596381664276,0.24790672957897184,0.9218000173568726,0.8984375,27,0.24146972596645355,1715620756.261453,0.9239783883094788,12636,12663,False,0.9,0.999,translateW,29,translateH_and_or_W,downsampled_mnist,0,3,60000,True,128,-1,True,True,0,4,0.001,49
88,silver-sweep-112,{'runtime': 293},294.36647295951843,0.13184891641139984,0.09845536202192308,0.954800009727478,0.96875,13,0.14927253127098083,1715620137.140861,0.9573317170143129,6084,6097,False,0.9,0.999,translateW,28,translateH_and_or_W,downsampled_mnist,0,3,60000,True,128,-1,True,True,0,4,0.001,931
89,iconic-sweep-111,{'runtime': 538},539.873298406601,0.1180710345506668,0.1338886320590973,0.95770001411438,0.9609375,29,0.13863025605678558,1715620476.9183483,0.961730420589447,13572,13602,False,0.9,0.999,translateW,28,translateH_and_or_W,downsampled_mnist,0,3,60000,True,128,-1,True,True,0,4,0.001,343
90,fiery-sweep-110,{'runtime': 495},496.5141525268554,0.20346128940582275,0.1992844045162201,0.9333000183105468,0.9296875,26,0.21925108134746552,1715619912.3885105,0.9372579455375672,12168,12195,False,0.9,0.999,translateW,28,translateH_and_or_W,downsampled_mnist,0,3,60000,True,128,-1,True,True,0,4,0.001,147
91,azure-sweep-109,{'runtime': 703},704.5457859039307,0.33012691140174866,0.3980469703674317,0.8948000073432922,0.8828125,32,0.3387875258922577,1715619827.1536448,0.9005993008613586,14976,15008,False,0.9,0.999,translateW,28,translateH_and_or_W,downsampled_mnist,0,3,60000,True,128,-1,True,True,0,4,0.001,49
92,effortless-sweep-108,{'runtime': 573},574.4891831874847,0.07572631537914276,0.17512814700603485,0.9663000106811525,0.953125,31,0.10778216272592545,1715619398.4919162,0.9741920232772828,14508,14540,False,0.9,0.999,translateW,27,translateH_and_or_W,downsampled_mnist,0,3,60000,True,128,-1,True,True,0,4,0.001,931
93,hearty-sweep-107,{'runtime': 644},646.5213763713837,0.10583280771970748,0.10711730271577836,0.9575999975204468,0.9765625,29,0.13150635361671448,1715619106.8864434,0.9652611017227172,13572,13601,False,0.9,0.999,translateW,27,translateH_and_or_W,downsampled_mnist,0,3,60000,True,128,-1,True,True,0,4,0.001,343
94,hearty-sweep-106,{'runtime': 235},253.622008562088,0.2207546979188919,0.2695116102695465,0.925000011920929,0.921875,13,0.23801667988300323,1715618782.0908356,0.92962908744812,6084,6098,False,0.9,0.999,translateW,27,translateH_and_or_W,downsampled_mnist,0,3,60000,True,128,-1,True,True,0,4,0.001,147
95,visionary-sweep-105,{'runtime': 484},485.49648118019104,0.3775111436843872,0.325778067111969,0.8784999847412109,0.9140625,22,0.39069122076034546,1715618442.8263872,0.8799078464508057,10296,10318,False,0.9,0.999,translateW,27,translateH_and_or_W,downsampled_mnist,0,3,60000,True,128,-1,True,True,0,4,0.001,49
96,fresh-sweep-104,{'runtime': 530},532.0593509674072,0.07853442430496216,0.02122768573462963,0.9646000266075134,0.9921875,29,0.113937646150589,1715618511.309741,0.9728899598121644,13572,13602,False,0.9,0.999,translateW,26,translateH_and_or_W,downsampled_mnist,0,3,60000,True,128,-1,True,True,0,4,0.001,931
97,unique-sweep-103,{'runtime': 446},448.1168429851532,0.12019354850053789,0.07261323183774948,0.9556999802589417,0.96875,20,0.13950230181217194,1715617940.165268,0.9598023295402528,9360,9380,False,0.9,0.999,translateW,26,translateH_and_or_W,downsampled_mnist,0,3,60000,True,128,-1,True,True,0,4,0.001,343
98,silver-sweep-102,{'runtime': 337},338.70179986953735,0.20495709776878357,0.13122741878032684,0.9287999868392944,0.9609375,18,0.22048261761665344,1715617962.476491,0.9358556866645812,8424,8443,False,0.9,0.999,translateW,26,translateH_and_or_W,downsampled_mnist,0,3,60000,True,128,-1,True,True,0,4,0.001,147
99,denim-sweep-101,{'runtime': 312},313.84887886047363,0.35635998845100403,0.28104516863822937,0.880299985408783,0.921875,17,0.3714919090270996,1715617607.2206178,0.8855335116386414,7956,7974,False,0.9,0.999,translateW,26,translateH_and_or_W,downsampled_mnist,0,3,60000,True,128,-1,True,True,0,4,0.001,49
100,celestial-sweep-100,{'runtime': 468},470.4258222579956,0.10867922008037569,0.059199508279562,0.958199977874756,0.9765625,21,0.12830041348934174,1715617472.5362382,0.9657034873962402,9828,9849,False,0.9,0.999,translateW,25,translateH_and_or_W,downsampled_mnist,0,3,60000,True,128,-1,True,True,0,4,0.001,931
101,dark-sweep-99,{'runtime': 350},351.74017786979675,0.13165128231048584,0.17388848960399628,0.9523000121116638,0.9375,19,0.14698483049869537,1715617279.735474,0.956405222415924,8892,8912,False,0.9,0.999,translateW,25,translateH_and_or_W,downsampled_mnist,0,3,60000,True,128,-1,True,True,0,4,0.001,343
102,polished-sweep-98,{'runtime': 616},618.3319711685181,0.1477500945329666,0.09657380729913712,0.9451000094413756,0.9609375,28,0.16959761083126068,1715616971.468203,0.952073335647583,13104,13132,False,0.9,0.999,translateW,25,translateH_and_or_W,downsampled_mnist,0,3,60000,True,128,-1,True,True,0,4,0.001,147
103,mild-sweep-97,{'runtime': 556},557.5761170387268,0.30672699213027954,0.42401817440986633,0.8950999975204468,0.859375,30,0.326937735080719,1715616914.16358,0.901458978652954,14040,14071,False,0.9,0.999,translateW,25,translateH_and_or_W,downsampled_mnist,0,3,60000,True,128,-1,True,True,0,4,0.001,49
104,major-sweep-96,{'runtime': 491},493.1445426940918,0.1080201119184494,0.1329721957445145,0.9580000042915344,0.9609375,22,0.13348108530044556,1715616336.7406976,0.966170847415924,10296,10318,False,0.9,0.999,translateW,24,translateH_and_or_W,downsampled_mnist,0,3,60000,True,128,-1,True,True,0,4,0.001,931
105,fiery-sweep-95,{'runtime': 587},588.4719593524933,0.09275702387094498,0.11763925105333328,0.9629999995231628,0.953125,33,0.11691144108772278,1715616341.0269113,0.9683493375778198,15444,15478,False,0.9,0.999,translateW,24,translateH_and_or_W,downsampled_mnist,0,3,60000,True,128,-1,True,True,0,4,0.001,343
106,eternal-sweep-94,{'runtime': 680},681.9291825294495,0.176445335149765,0.22759610414505005,0.9409000277519226,0.9375,31,0.19149000942707065,1715615826.7409265,0.9444945454597472,14508,14539,False,0.9,0.999,translateW,24,translateH_and_or_W,downsampled_mnist,0,3,60000,True,128,-1,True,True,0,4,0.001,147
107,vibrant-sweep-93,{'runtime': 564},565.1885335445404,0.31478723883628845,0.25634709000587463,0.8917999863624573,0.90625,30,0.3336362838745117,1715615739.7241075,0.8966513276100159,14040,14071,False,0.9,0.999,translateW,24,translateH_and_or_W,downsampled_mnist,0,3,60000,True,128,-1,True,True,0,4,0.001,49
108,wise-sweep-92,{'runtime': 558},559.4756071567535,0.0885990709066391,0.05072310194373131,0.9553999900817872,0.984375,25,0.1329708695411682,1715615132.405765,0.9706530570983888,11700,11725,False,0.9,0.999,translateW,23,translateH_and_or_W,downsampled_mnist,0,3,60000,True,128,-1,True,True,0,4,0.001,931
109,eternal-sweep-91,{'runtime': 481},482.2146956920624,0.117569200694561,0.15068607032299042,0.9524999856948853,0.9453125,27,0.14332181215286255,1715615159.4955728,0.9618306159973145,12636,12664,False,0.9,0.999,translateW,23,translateH_and_or_W,downsampled_mnist,0,3,60000,True,128,-1,True,True,0,4,0.001,343
110,fast-sweep-90,{'runtime': 573},575.081906080246,0.18710841238498688,0.25282588601112366,0.9293000102043152,0.921875,26,0.2189863473176956,1715614559.289375,0.9416149258613586,12168,12194,False,0.9,0.999,translateW,23,translateH_and_or_W,downsampled_mnist,0,3,60000,True,128,-1,True,True,0,4,0.001,147
111,glamorous-sweep-89,{'runtime': 399},400.83988404273987,0.32588064670562744,0.4086768329143524,0.8885999917984009,0.8671875,22,0.3454717695713043,1715614656.742986,0.8983540534973145,10296,10319,False,0.9,0.999,translateW,23,translateH_and_or_W,downsampled_mnist,0,3,60000,True,128,-1,True,True,0,4,0.001,49
112,dandy-sweep-88,{'runtime': 514},516.0381968021393,0.08135571330785751,0.12907280027866364,0.9617000222206116,0.953125,23,0.11277828365564346,1715613966.4684837,0.9715795516967772,10764,10787,False,0.9,0.999,translateW,22,translateH_and_or_W,downsampled_mnist,0,3,60000,True,128,-1,True,True,0,4,0.001,931
113,denim-sweep-87,{'runtime': 564},565.783723115921,0.11414031684398653,0.12461921572685242,0.9531000256538392,0.9609375,31,0.1395542174577713,1715614232.2982342,0.9628822803497314,14508,14540,False,0.9,0.999,translateW,22,translateH_and_or_W,downsampled_mnist,0,3,60000,True,128,-1,True,True,0,4,0.001,343
114,likely-sweep-86,{'runtime': 509},511.5415813922882,0.1808261275291443,0.14400888979434967,0.9358999729156494,0.9375,23,0.20137135684490204,1715613435.3525414,0.9429086446762084,10764,10787,False,0.9,0.999,translateW,22,translateH_and_or_W,downsampled_mnist,0,3,60000,True,128,-1,True,True,0,4,0.001,147
115,dashing-sweep-85,{'runtime': 755},756.7787210941315,0.2173856943845749,0.1712665855884552,0.9258999824523926,0.9453125,41,0.2395225167274475,1715613652.3718052,0.9301131963729858,19188,19230,False,0.9,0.999,translateW,22,translateH_and_or_W,downsampled_mnist,0,3,60000,True,128,-1,True,True,0,4,0.001,49
116,glamorous-sweep-84,{'runtime': 623},625.1502964496613,0.09033383429050446,0.06654860079288483,0.9588000178337096,0.9765625,28,0.12325794994831084,1715612908.7853715,0.9704527258872986,13104,13132,False,0.9,0.999,translateW,21,translateH_and_or_W,downsampled_mnist,0,3,60000,True,128,-1,True,True,0,4,0.001,931
117,copper-sweep-83,{'runtime': 414},415.45963859558105,0.11461830884218216,0.16660217940807345,0.9560999870300292,0.953125,23,0.13525499403476715,1715612879.8130937,0.961546778678894,10764,10788,False,0.9,0.999,translateW,21,translateH_and_or_W,downsampled_mnist,0,3,60000,True,128,-1,True,True,0,4,0.001,343
118,super-sweep-82,{'runtime': 462},463.60583090782166,0.18379199504852295,0.07476931810379028,0.932699978351593,0.9609375,21,0.2028099000453949,1715612269.423677,0.9408303499221802,9828,9849,False,0.9,0.999,translateW,21,translateH_and_or_W,downsampled_mnist,0,3,60000,True,128,-1,True,True,0,4,0.001,147
119,vague-sweep-81,{'runtime': 627},628.4697618484497,0.2935725152492523,0.29611024260520935,0.8991000056266785,0.90625,34,0.30125197768211365,1715612446.029419,0.90645033121109,15912,15947,False,0.9,0.999,translateW,21,translateH_and_or_W,downsampled_mnist,0,3,60000,True,128,-1,True,True,0,4,0.001,49
120,youthful-sweep-80,{'runtime': 446},448.0226089954376,0.10150089114904404,0.10921431332826614,0.9599000215530396,0.9609375,20,0.12657158076763153,1715611793.15313,0.966187596321106,9360,9380,False,0.9,0.999,translateW,20,translateH_and_or_W,downsampled_mnist,0,3,60000,True,128,-1,True,True,0,4,0.001,931
121,glowing-sweep-79,{'runtime': 624},626.099155664444,0.10763880610466003,0.1076463982462883,0.9563000202178956,0.9453125,35,0.1432988941669464,1715611803.0582807,0.9641759991645812,16380,16416,False,0.9,0.999,translateW,20,translateH_and_or_W,downsampled_mnist,0,3,60000,True,128,-1,True,True,0,4,0.001,343
122,fluent-sweep-78,{'runtime': 644},646.0422840118408,0.1618916541337967,0.22919291257858276,0.9419000148773192,0.953125,29,0.17724694311618805,1715611328.524092,0.9477163553237916,13572,13601,False,0.9,0.999,translateW,20,translateH_and_or_W,downsampled_mnist,0,3,60000,True,128,-1,True,True,0,4,0.001,147
123,daily-sweep-77,{'runtime': 483},484.59899950027466,0.2636629343032837,0.31205159425735474,0.9133999943733216,0.890625,22,0.27361416816711426,1715610669.7234583,0.9146550893783568,10296,10318,False,0.9,0.999,translateW,20,translateH_and_or_W,downsampled_mnist,0,3,60000,True,128,-1,True,True,0,4,0.001,49
124,copper-sweep-76,{'runtime': 741},743.1536190509796,0.06275977939367294,0.07779669761657715,0.9679999947547911,0.96875,40,0.10069900751113892,1715611162.386475,0.9780398607254028,18720,18761,False,0.9,0.999,translateW,19,translateH_and_or_W,downsampled_mnist,0,3,60000,True,128,-1,True,True,0,4,0.001,931
125,cosmic-sweep-75,{'runtime': 376},377.3848042488098,0.1297881156206131,0.2214579731225967,0.9531000256538392,0.9453125,20,0.14838950335979462,1715610404.975978,0.9582331776618958,9360,9381,False,0.9,0.999,translateW,19,translateH_and_or_W,downsampled_mnist,0,3,60000,True,128,-1,True,True,0,4,0.001,343
126,dark-sweep-74,{'runtime': 466},467.3221764564514,0.18735668063163757,0.21168938279151917,0.9368000030517578,0.9296875,21,0.19838778674602509,1715610170.8939145,0.9400540590286256,9828,9849,False,0.9,0.999,translateW,19,translateH_and_or_W,downsampled_mnist,0,3,60000,True,128,-1,True,True,0,4,0.001,147
127,magic-sweep-73,{'runtime': 297},298.5858328342438,0.3776671886444092,0.3449952304363251,0.8816999793052673,0.875,16,0.37490972876548767,1715610013.78331,0.8830879330635071,7488,7505,False,0.9,0.999,translateW,19,translateH_and_or_W,downsampled_mnist,0,3,60000,True,128,-1,True,True,0,4,0.001,49
128,tough-sweep-72,{'runtime': 263},264.4679594039917,0.127056822180748,0.08388908207416534,0.9520999789237976,0.96875,14,0.14497777819633484,1715609698.8815415,0.9598106741905212,6552,6567,False,0.9,0.999,translateW,18,translateH_and_or_W,downsampled_mnist,0,3,60000,True,128,-1,True,True,0,4,0.001,931
129,mild-sweep-71,{'runtime': 776},777.6469888687134,0.10573932528495789,0.06842025369405746,0.9575999975204468,0.984375,35,0.13158202171325684,1715609691.18481,0.964768648147583,16380,16415,False,0.9,0.999,translateW,18,translateH_and_or_W,downsampled_mnist,0,3,60000,True,128,-1,True,True,0,4,0.001,343
130,royal-sweep-70,{'runtime': 263},264.5404393672943,0.2034452110528946,0.17533636093139648,0.9336000084877014,0.921875,14,0.20905710756778717,1715609418.3992743,0.9345369338989258,6552,6567,False,0.9,0.999,translateW,18,translateH_and_or_W,downsampled_mnist,0,3,60000,True,128,-1,True,True,0,4,0.001,147
131,breezy-sweep-69,{'runtime': 298},299.11961674690247,0.36149123311042786,0.21094486117362976,0.8834999799728394,0.953125,16,0.3703814446926117,1715609140.6696208,0.8914262652397156,7488,7505,False,0.9,0.999,translateW,18,translateH_and_or_W,downsampled_mnist,0,3,60000,True,128,-1,True,True,0,4,0.001,49
132,splendid-sweep-68,{'runtime': 536},538.0641493797302,0.0796075239777565,0.11366501450538637,0.9585000276565552,0.96875,29,0.12313682585954666,1715608828.8746274,0.9722388982772828,13572,13602,False,0.9,0.999,translateW,17,translateH_and_or_W,downsampled_mnist,0,3,60000,True,128,-1,True,True,0,4,0.001,931
133,unique-sweep-67,{'runtime': 906},907.3888065814972,0.09195058792829514,0.16042272746562958,0.9564999938011168,0.953125,41,0.1391225308179855,1715608899.7050896,0.96869158744812,19188,19229,False,0.9,0.999,translateW,17,translateH_and_or_W,downsampled_mnist,0,3,60000,True,128,-1,True,True,0,4,0.001,343
134,fast-sweep-66,{'runtime': 517},518.8606398105621,0.1600235402584076,0.1118125319480896,0.941100001335144,0.9765625,28,0.18414948880672455,1715608275.329656,0.9475577473640442,13104,13133,False,0.9,0.999,translateW,17,translateH_and_or_W,downsampled_mnist,0,3,60000,True,128,-1,True,True,0,4,0.001,147
135,dutiful-sweep-65,{'runtime': 405},406.9619884490967,0.3312647044658661,0.3982263207435608,0.8873999714851379,0.875,22,0.36382943391799927,1715607744.6172276,0.9025774598121644,10296,10319,False,0.9,0.999,translateW,17,translateH_and_or_W,downsampled_mnist,0,3,60000,True,128,-1,True,True,0,4,0.001,49
136,swept-sweep-64,{'runtime': 1167},1168.8691818714142,0.04731018468737602,0.049599915742874146,0.9656000137329102,0.9765625,53,0.11193642765283585,1715607979.6320038,0.9836488366127014,24804,24857,False,0.9,0.999,translateW,16,translateH_and_or_W,downsampled_mnist,0,3,60000,True,128,-1,True,True,0,4,0.001,931
137,curious-sweep-63,{'runtime': 469},470.7599995136261,0.12005408853292464,0.07221189886331558,0.9519000053405762,0.96875,25,0.15039540827274325,1715607321.3145075,0.96145498752594,11700,11726,False,0.9,0.999,translateW,16,translateH_and_or_W,downsampled_mnist,0,3,60000,True,128,-1,True,True,0,4,0.001,343
138,glad-sweep-62,{'runtime': 378},379.2916359901428,0.2087652683258057,0.14700306951999664,0.9261999726295472,0.96875,17,0.22984527051448825,1715606797.4297,0.9359225034713744,7956,7973,False,0.9,0.999,translateW,16,translateH_and_or_W,downsampled_mnist,0,3,60000,True,128,-1,True,True,0,4,0.001,147
139,treasured-sweep-61,{'runtime': 375},376.68974447250366,0.34761425852775574,0.2745574116706848,0.8780999779701233,0.90625,21,0.3841414451599121,1715606835.7537556,0.8905248641967773,9828,9850,False,0.9,0.999,translateW,16,translateH_and_or_W,downsampled_mnist,0,3,60000,True,128,-1,True,True,0,4,0.001,49
140,dutiful-sweep-60,{'runtime': 603},604.840842962265,0.08852075040340424,0.20743106305599213,0.9635000228881836,0.9453125,27,0.12298453599214554,1715606403.870959,0.971036970615387,12636,12663,False,0.9,0.999,translateW,15,translateH_and_or_W,downsampled_mnist,0,3,60000,True,128,-1,True,True,0,4,0.001,931
141,honest-sweep-59,{'runtime': 755},756.5936417579651,0.09267497062683104,0.06875426322221756,0.9593999981880188,0.96875,42,0.12790217995643616,1715606441.0859797,0.9686247706413268,19656,19699,False,0.9,0.999,translateW,15,translateH_and_or_W,downsampled_mnist,0,3,60000,True,128,-1,True,True,0,4,0.001,343
142,devout-sweep-58,{'runtime': 126},127.66662359237672,0.28956297039985657,0.16270257532596588,0.904699981212616,0.9296875,7,0.2936049997806549,1715605669.1530046,0.9123013615608216,3276,3284,False,0.9,0.999,translateW,15,translateH_and_or_W,downsampled_mnist,0,3,60000,True,128,-1,True,True,0,4,0.001,147
143,dauntless-sweep-57,{'runtime': 815},816.875973701477,0.30402421951293945,0.3007020950317383,0.8949000239372253,0.8984375,37,0.3236086070537567,1715605784.9254737,0.9078274965286256,17316,17353,False,0.9,0.999,translateW,15,translateH_and_or_W,downsampled_mnist,0,3,60000,True,128,-1,True,True,0,4,0.001,49
144,prime-sweep-56,{'runtime': 455},456.58012199401855,0.09008656442165376,0.12520134449005127,0.958400011062622,0.953125,25,0.1305798590183258,1715605525.719112,0.9704694151878356,11700,11726,False,0.9,0.999,translateW,14,translateH_and_or_W,downsampled_mnist,0,3,60000,True,128,-1,True,True,0,4,0.001,931
145,royal-sweep-55,{'runtime': 245},246.13196849823,0.14728794991970062,0.09625711292028429,0.9416000247001648,0.9609375,13,0.17167745530605316,1715605055.7184677,0.95209002494812,6084,6098,False,0.9,0.999,translateW,14,translateH_and_or_W,downsampled_mnist,0,3,60000,True,128,-1,True,True,0,4,0.001,343
146,devoted-sweep-54,{'runtime': 621},622.704559803009,0.15161126852035522,0.08131429553031921,0.9427000284194946,0.9765625,28,0.1842428892850876,1715604949.9859817,0.9493188858032228,13104,13132,False,0.9,0.999,translateW,14,translateH_and_or_W,downsampled_mnist,0,3,60000,True,128,-1,True,True,0,4,0.001,147
147,glorious-sweep-53,{'runtime': 618},619.6494672298431,0.3222094476222992,0.24803242087364197,0.8910999894142151,0.8984375,28,0.34239235520362854,1715604311.2044852,0.9006744027137756,13104,13132,False,0.9,0.999,translateW,14,translateH_and_or_W,downsampled_mnist,0,3,60000,True,128,-1,True,True,0,4,0.001,49
148,confused-sweep-52,{'runtime': 833},834.7637972831726,0.06186212971806526,0.07688795030117035,0.9657999873161316,0.96875,45,0.11621755361557008,1715604791.884653,0.9790831804275512,21060,21106,False,0.9,0.999,translateW,13,translateH_and_or_W,downsampled_mnist,0,3,60000,True,128,-1,True,True,0,4,0.001,931
149,woven-sweep-51,{'runtime': 420},421.2621042728424,0.12852390110492706,0.08234306424856186,0.9519000053405762,0.96875,23,0.15193824470043182,1715603941.8151493,0.9595519304275512,10764,10788,False,0.9,0.999,translateW,13,translateH_and_or_W,downsampled_mnist,0,3,60000,True,128,-1,True,True,0,4,0.001,343
150,worthy-sweep-50,{'runtime': 655},656.7896330356598,0.14579786360263824,0.10746441781520844,0.9409999847412108,0.9765625,30,0.16965262591838837,1715603675.182138,0.9529079794883728,14040,14070,False,0.9,0.999,translateW,13,translateH_and_or_W,downsampled_mnist,0,3,60000,True,128,-1,True,True,0,4,0.001,147
151,woven-sweep-49,{'runtime': 527},528.5082631111145,0.2665506601333618,0.25795865058898926,0.909500002861023,0.90625,29,0.2816123068332672,1715603503.7557342,0.915681779384613,13572,13602,False,0.9,0.999,translateW,13,translateH_and_or_W,downsampled_mnist,0,3,60000,True,128,-1,True,True,0,4,0.001,49
152,hardy-sweep-48,{'runtime': 601},602.7759501934052,0.08338043838739395,0.14177006483078003,0.9631999731063844,0.953125,27,0.11407533288002014,1715603001.7857792,0.9714710116386414,12636,12663,False,0.9,0.999,translateW,12,translateH_and_or_W,downsampled_mnist,0,3,60000,True,128,-1,True,True,0,4,0.001,931
153,kind-sweep-47,{'runtime': 373},375.29592967033386,0.1241052746772766,0.12137582153081894,0.9532999992370604,0.9453125,21,0.142949178814888,1715602959.1386366,0.9593600034713744,9828,9850,False,0.9,0.999,translateW,12,translateH_and_or_W,downsampled_mnist,0,3,60000,True,128,-1,True,True,0,4,0.001,343
154,confused-sweep-46,{'runtime': 488},489.5877215862274,0.16620856523513794,0.13571791350841522,0.940500020980835,0.9453125,22,0.18938033282756803,1715602385.3494697,0.947190523147583,10296,10318,False,0.9,0.999,translateW,12,translateH_and_or_W,downsampled_mnist,0,3,60000,True,128,-1,True,True,0,4,0.001,147
155,pretty-sweep-45,{'runtime': 543},544.1741766929626,0.26033398509025574,0.18697227537631989,0.9128999710083008,0.9453125,29,0.27088814973831177,1715602566.2112856,0.9164830446243286,13572,13602,False,0.9,0.999,translateW,12,translateH_and_or_W,downsampled_mnist,0,3,60000,True,128,-1,True,True,0,4,0.001,49
156,visionary-sweep-44,{'runtime': 489},490.72989153862,0.09451252967119216,0.10149792581796646,0.96069997549057,0.984375,22,0.12221303582191469,1715601883.0389106,0.9682658910751344,10296,10318,False,0.9,0.999,translateW,11,translateH_and_or_W,downsampled_mnist,0,3,60000,True,128,-1,True,True,0,4,0.001,931
157,spring-sweep-43,{'runtime': 647},648.931806564331,0.10116735845804214,0.12704911828041077,0.9591000080108644,0.9609375,35,0.125096395611763,1715602008.2585475,0.9662209749221802,16380,16416,False,0.9,0.999,translateW,11,translateH_and_or_W,downsampled_mnist,0,3,60000,True,128,-1,True,True,0,4,0.001,343
158,apricot-sweep-42,{'runtime': 354},357.3084270954132,0.1847969591617584,0.1907319575548172,0.939300000667572,0.9296875,16,0.1962316781282425,1715601373.6097791,0.9412476420402528,7488,7504,False,0.9,0.999,translateW,11,translateH_and_or_W,downsampled_mnist,0,3,60000,True,128,-1,True,True,0,4,0.001,147
159,glamorous-sweep-41,{'runtime': 428},429.3861713409424,0.3901732265949249,0.23763225972652435,0.8729000091552734,0.9296875,23,0.3933510482311249,1715601344.0383985,0.8778879642486572,10764,10788,False,0.9,0.999,translateW,11,translateH_and_or_W,downsampled_mnist,0,3,60000,True,128,-1,True,True,0,4,0.001,49
160,prime-sweep-40,{'runtime': 274},275.9007053375244,0.1191082000732422,0.08268697559833527,0.9521999955177308,0.9921875,15,0.14466506242752075,1715600897.6947494,0.9619808197021484,7020,7036,False,0.9,0.999,translateW,10,translateH_and_or_W,downsampled_mnist,0,3,60000,True,128,-1,True,True,0,4,0.001,931
161,blooming-sweep-39,{'runtime': 686},688.3865797519684,0.11116203665733336,0.18532094359397888,0.951200008392334,0.9609375,31,0.15560801327228546,1715601000.6007898,0.9631410241127014,14508,14539,False,0.9,0.999,translateW,10,translateH_and_or_W,downsampled_mnist,0,3,60000,True,128,-1,True,True,0,4,0.001,343
162,copper-sweep-38,{'runtime': 332},333.63428378105164,0.21909727156162265,0.20129065215587616,0.9212999939918518,0.9375,15,0.24358171224594116,1715600296.2616718,0.9316155910491944,7020,7035,False,0.9,0.999,translateW,10,translateH_and_or_W,downsampled_mnist,0,3,60000,True,128,-1,True,True,0,4,0.001,147
163,morning-sweep-37,{'runtime': 379},380.5695526599884,0.346302330493927,0.23167771100997925,0.8841000199317932,0.9453125,21,0.3753957152366638,1715600605.4809418,0.8902076482772827,9828,9850,False,0.9,0.999,translateW,10,translateH_and_or_W,downsampled_mnist,0,3,60000,True,128,-1,True,True,0,4,0.001,49
164,absurd-sweep-36,{'runtime': 425},426.79377269744873,0.10197994858026505,0.10611370205879211,0.9589999914169312,0.9609375,19,0.12773838639259338,1715599944.6624336,0.9664546847343444,8892,8911,False,0.9,0.999,translateW,9,translateH_and_or_W,downsampled_mnist,0,3,60000,True,128,-1,True,True,0,4,0.001,931
165,driven-sweep-35,{'runtime': 457},458.4153599739074,0.11655813455581664,0.12971755862236023,0.9563999772071838,0.9453125,25,0.14001046121120453,1715600206.713263,0.960770547389984,11700,11726,False,0.9,0.999,translateW,9,translateH_and_or_W,downsampled_mnist,0,3,60000,True,128,-1,True,True,0,4,0.001,343
166,desert-sweep-34,{'runtime': 237},238.34593081474304,0.2065020501613617,0.1962221562862396,0.930899977684021,0.9453125,13,0.22332358360290527,1715599732.4078028,0.9331430196762084,6084,6098,False,0.9,0.999,translateW,9,translateH_and_or_W,downsampled_mnist,0,3,60000,True,128,-1,True,True,0,4,0.001,147
167,quiet-sweep-33,{'runtime': 488},489.9885399341583,0.3115871250629425,0.3431759476661682,0.8944000005722046,0.890625,22,0.32836583256721497,1715599499.378676,0.8992637991905212,10296,10318,False,0.9,0.999,translateW,9,translateH_and_or_W,downsampled_mnist,0,3,60000,True,128,-1,True,True,0,4,0.001,49
168,driven-sweep-32,{'runtime': 479},480.442049741745,0.08647062629461288,0.05057856440544128,0.9641000032424928,0.96875,25,0.11043016612529756,1715599476.5873446,0.9709952473640442,11700,11726,False,0.9,0.999,translateW,8,translateH_and_or_W,downsampled_mnist,0,3,60000,True,128,-1,True,True,0,4,0.001,931
169,serene-sweep-31,{'runtime': 752},753.5249559879303,0.1005394160747528,0.07110433280467987,0.9592999815940856,0.96875,34,0.12585371732711792,1715598991.786467,0.9664045572280884,15912,15946,False,0.9,0.999,translateW,8,translateH_and_or_W,downsampled_mnist,0,3,60000,True,128,-1,True,True,0,4,0.001,343
170,hardy-sweep-30,{'runtime': 707},708.3762829303741,0.15452559292316437,0.0924062803387642,0.9455999732017516,0.96875,39,0.16592532396316528,1715598978.234158,0.950545847415924,18252,18292,False,0.9,0.999,translateW,8,translateH_and_or_W,downsampled_mnist,0,3,60000,True,128,-1,True,True,0,4,0.001,147
171,devoted-sweep-29,{'runtime': 507},508.9443044662475,0.2536044120788574,0.2197214961051941,0.9132999777793884,0.90625,27,0.26530107855796814,1715598254.3405774,0.917326033115387,12636,12664,False,0.9,0.999,translateW,8,translateH_and_or_W,downsampled_mnist,0,3,60000,True,128,-1,True,True,0,4,0.001,49
172,easy-sweep-28,{'runtime': 1023},1024.7441489696505,0.06776393204927444,0.029199084267020226,0.963800013065338,0.984375,46,0.11334364116191864,1715598220.724656,0.97825688123703,21528,21574,False,0.9,0.999,translateW,7,translateH_and_or_W,downsampled_mnist,0,3,60000,True,128,-1,True,True,0,4,0.001,931
173,effortless-sweep-27,{'runtime': 376},378.0603210926056,0.12767980992794037,0.23856598138809204,0.9539999961853028,0.9140625,21,0.13927166163921356,1715597731.429749,0.9587339758872986,9828,9850,False,0.9,0.999,translateW,7,translateH_and_or_W,downsampled_mnist,0,3,60000,True,128,-1,True,True,0,4,0.001,343
174,celestial-sweep-26,{'runtime': 589},590.1630387306213,0.15695765614509585,0.15266989171504974,0.944700002670288,0.9375,31,0.17055195569992063,1715597340.0490158,0.949661135673523,14508,14540,False,0.9,0.999,translateW,7,translateH_and_or_W,downsampled_mnist,0,3,60000,True,128,-1,True,True,0,4,0.001,147
175,pleasant-sweep-25,{'runtime': 1079},1080.7015211582184,0.23797239363193512,0.2913283109664917,0.9192000031471252,0.9140625,49,0.24499653279781344,1715597181.2387412,0.9221504330635072,22932,22981,False,0.9,0.999,translateW,7,translateH_and_or_W,downsampled_mnist,0,3,60000,True,128,-1,True,True,0,4,0.001,49
176,woven-sweep-24,{'runtime': 458},459.80896735191345,0.08346044272184372,0.05642852187156677,0.964900016784668,0.984375,24,0.10808326303958891,1715596737.0503085,0.97064471244812,11232,11257,False,0.9,0.999,translateW,6,translateH_and_or_W,downsampled_mnist,0,3,60000,True,128,-1,True,True,0,4,0.001,931
177,splendid-sweep-23,{'runtime': 603},605.0320971012115,0.11313896626234056,0.07681438326835632,0.9563000202178956,0.96875,27,0.13254046440124512,1715596085.0032022,0.96263188123703,12636,12663,False,0.9,0.999,translateW,6,translateH_and_or_W,downsampled_mnist,0,3,60000,True,128,-1,True,True,0,4,0.001,343
178,bright-sweep-22,{'runtime': 644},645.362254858017,0.15337274968624115,0.1498093605041504,0.948099970817566,0.96875,35,0.16123037040233612,1715596264.444125,0.9480919241905212,16380,16416,False,0.9,0.999,translateW,6,translateH_and_or_W,downsampled_mnist,0,3,60000,True,128,-1,True,True,0,4,0.001,147
179,electric-sweep-21,{'runtime': 267},269.3620562553406,0.5316135287284851,0.3362610638141632,0.8300999999046326,0.8984375,12,0.5220379829406738,1715595463.2834122,0.8436331748962402,5616,5628,False,0.9,0.999,translateW,6,translateH_and_or_W,downsampled_mnist,0,3,60000,True,128,-1,True,True,0,4,0.001,49
180,radiant-sweep-20,{'runtime': 425},426.4196364879608,0.10084821283817293,0.15540488064289093,0.960200011730194,0.9453125,19,0.12264932692050934,1715595175.9593406,0.9663711786270142,8892,8911,False,0.9,0.999,translateW,5,translateH_and_or_W,downsampled_mnist,0,3,60000,True,128,-1,True,True,0,4,0.001,931
181,floral-sweep-19,{'runtime': 678},679.3821923732758,0.09589117020368576,0.05753253400325775,0.9609000086784364,0.9765625,37,0.1245994046330452,1715595604.4304264,0.9678401947021484,17316,17354,False,0.9,0.999,translateW,5,translateH_and_or_W,downsampled_mnist,0,3,60000,True,128,-1,True,True,0,4,0.001,343
182,tough-sweep-18,{'runtime': 377},379.067036151886,0.1899745017290115,0.2168913185596466,0.9341999888420104,0.921875,21,0.20234493911266327,1715594912.4299345,0.9403212070465088,9828,9850,False,0.9,0.999,translateW,5,translateH_and_or_W,downsampled_mnist,0,3,60000,True,128,-1,True,True,0,4,0.001,147
183,wise-sweep-17,{'runtime': 813},814.9709787368774,0.22079363465309143,0.1671031415462494,0.9239000082015992,0.9375,37,0.231046125292778,1715594733.5539696,0.927901327610016,17316,17353,False,0.9,0.999,translateW,5,translateH_and_or_W,downsampled_mnist,0,3,60000,True,128,-1,True,True,0,4,0.001,49
184,toasty-sweep-16,{'runtime': 476},477.1980211734772,0.09272810071706772,0.05810797959566116,0.964299976825714,0.9765625,25,0.11558571457862854,1715594517.9781792,0.9696013331413268,11700,11726,False,0.9,0.999,translateW,4,translateH_and_or_W,downsampled_mnist,0,3,60000,True,128,-1,True,True,0,4,0.001,931
185,icy-sweep-15,{'runtime': 435},436.2605092525482,0.12154434621334076,0.06765227019786835,0.9538000226020812,0.9921875,24,0.143331840634346,1715594027.0048373,0.9605786204338074,11232,11257,False,0.9,0.999,translateW,4,translateH_and_or_W,downsampled_mnist,0,3,60000,True,128,-1,True,True,0,4,0.001,343
186,solar-sweep-14,{'runtime': 617},618.3711383342743,0.15644487738609314,0.16230057179927826,0.9459999799728394,0.953125,28,0.17200715839862823,1715593901.6580565,0.9483590126037598,13104,13132,False,0.9,0.999,translateW,4,translateH_and_or_W,downsampled_mnist,0,3,60000,True,128,-1,True,True,0,4,0.001,147
187,rose-sweep-13,{'runtime': 926},928.0897002220154,0.208878293633461,0.24581311643123627,0.9244999885559082,0.9296875,52,0.22976471483707428,1715593575.2647245,0.9307725429534912,24336,24389,False,0.9,0.999,translateW,4,translateH_and_or_W,downsampled_mnist,0,3,60000,True,128,-1,True,True,0,4,0.001,49
188,morning-sweep-12,{'runtime': 912},913.6420965194702,0.06669612973928452,0.02836090885102749,0.9657999873161316,0.9921875,41,0.10985177010297777,1715593265.2608137,0.9777644276618958,19188,19229,False,0.9,0.999,translateW,3,translateH_and_or_W,downsampled_mnist,0,3,60000,True,128,-1,True,True,0,4,0.001,931
189,ancient-sweep-11,{'runtime': 202},203.875604391098,0.16399848461151123,0.19833166897296903,0.940400004386902,0.9375,11,0.18050691485404968,1715592633.9558864,0.9466897249221802,5148,5160,False,0.9,0.999,translateW,3,translateH_and_or_W,downsampled_mnist,0,3,60000,True,128,-1,True,True,0,4,0.001,343
190,curious-sweep-10,{'runtime': 434},436.04070234298706,0.19617320597171783,0.2529713809490204,0.9350000023841858,0.9140625,24,0.2133507877588272,1715592415.9651914,0.9387269616127014,11232,11257,False,0.9,0.999,translateW,3,translateH_and_or_W,downsampled_mnist,0,3,60000,True,128,-1,True,True,0,4,0.001,147
191,gentle-sweep-9,{'runtime': 663},664.9536583423615,0.30119380354881287,0.3893303871154785,0.9024999737739564,0.875,30,0.3118627071380615,1715592333.6079233,0.9040214419364928,14040,14070,False,0.9,0.999,translateW,3,translateH_and_or_W,downsampled_mnist,0,3,60000,True,128,-1,True,True,0,4,0.001,49
192,volcanic-sweep-8,{'runtime': 604},605.1981749534607,0.07531643658876419,0.10940369963645936,0.9653000235557556,0.953125,33,0.11536674946546556,1715591965.48124,0.974517583847046,15444,15478,False,0.9,0.999,translateW,2,translateH_and_or_W,downsampled_mnist,0,3,60000,True,128,-1,True,True,0,4,0.001,931
193,bright-sweep-7,{'runtime': 731},732.5463528633118,0.09967485070228577,0.15407322347164154,0.9574000239372252,0.953125,33,0.1285649538040161,1715591648.279327,0.966187596321106,15444,15477,False,0.9,0.999,translateW,2,translateH_and_or_W,downsampled_mnist,0,3,60000,True,128,-1,True,True,0,4,0.001,343
194,balmy-sweep-6,{'runtime': 277},278.3260931968689,0.20912864804267883,0.18508698046207428,0.9261000156402588,0.9609375,15,0.22456437349319455,1715591347.5282545,0.9337022304534912,7020,7036,False,0.9,0.999,translateW,2,translateH_and_or_W,downsampled_mnist,0,3,60000,True,128,-1,True,True,0,4,0.001,147
195,revived-sweep-5,{'runtime': 571},573.0953302383423,0.2540695369243622,0.3064577877521515,0.9175999760627748,0.890625,31,0.2663843333721161,1715591052.9357042,0.9173761606216432,14508,14540,False,0.9,0.999,translateW,2,translateH_and_or_W,downsampled_mnist,0,3,60000,True,128,-1,True,True,0,4,0.001,49
196,graceful-sweep-4,{'runtime': 841},842.792858839035,0.06874588876962662,0.052496302872896194,0.965399980545044,0.984375,38,0.11092817038297652,1715590901.5850458,0.9768379330635072,17784,17822,False,0.9,0.999,translateW,1,translateH_and_or_W,downsampled_mnist,0,3,60000,True,128,-1,True,True,0,4,0.001,931
197,rose-sweep-3,{'runtime': 711},712.4706835746765,0.09570395946502686,0.022828375920653343,0.9578999876976012,1.0,39,0.13293731212615967,1715590466.7339566,0.968416154384613,18252,18292,False,0.9,0.999,translateW,1,translateH_and_or_W,downsampled_mnist,0,3,60000,True,128,-1,True,True,0,4,0.001,343
198,classic-sweep-2,{'runtime': 860},858.7258954048157,0.11580229550600052,0.1106705442070961,0.9514999985694884,0.9609375,39,0.15304730832576752,1715590044.3846064,0.9609041213989258,18252,18291,False,0.9,0.999,translateW,1,translateH_and_or_W,downsampled_mnist,0,3,60000,True,128,-1,True,True,0,4,0.001,147
199,fresh-sweep-1,{'runtime': 334},330.2180390357971,0.3276592195034027,0.1985771656036377,0.8896999955177307,0.9375,18,0.3452996015548706,1715589736.844261,0.8950153589248657,8424,8443,False,0.9,0.999,translateW,1,translateH_and_or_W,downsampled_mnist,0,3,60000,True,128,-1,True,True,0,4,0.001,49
