,Name,_runtime,_step,_timestamp,_wandb,epoch,test_accuracy,test_loss,train_accuracy,train_loss,trainer/global_step,val_accuracy,val_loss,cpu,beta1,beta2,group,aa_seed,augment,dataset,dropout,patience,num_train,batch_norm,batch_size,max_epochs,save_model,log_results,weight_decay,hidden_layers,learning_rate,hidden_group_channels
0,magic-sweep-200,601.5956380367279,12663,1715645286.1858091,{'runtime': 600},27,0.964900016784668,0.1209140345454216,0.9453125,0.10513362288475037,12636,0.9715544581413268,0.08607903867959976,False,0.9,0.999,translateW,50,translateH_and_or_W,downsampled_mnist,0,3,60000,True,128,-1,True,True,0,4,0.001,931
1,graceful-sweep-199,600.4012010097504,15009,1715645073.181192,{'runtime': 599},32,0.9592999815940856,0.12624165415763855,0.9765625,0.12934674322605133,14976,0.966003954410553,0.10240790992975236,False,0.9,0.999,translateW,50,translateH_and_or_W,downsampled_mnist,0,3,60000,True,128,-1,True,True,0,4,0.001,343
2,dulcet-sweep-198,642.657422542572,13601,1715644670.4798017,{'runtime': 641},29,0.9430000185966492,0.1763237565755844,0.9765625,0.08144403249025345,13572,0.946380853652954,0.16441011428833008,False,0.9,0.999,translateW,50,translateH_and_or_W,downsampled_mnist,0,3,60000,True,128,-1,True,True,0,4,0.001,147
3,curious-sweep-197,576.149983882904,14540,1715644456.0376148,{'runtime': 574},31,0.9025999903678894,0.3102290630340576,0.921875,0.2609112858772278,14508,0.9125934839248656,0.2953736186027527,False,0.9,0.999,translateW,50,translateH_and_or_W,downsampled_mnist,0,3,60000,True,128,-1,True,True,0,4,0.001,49
4,serene-sweep-196,647.9701552391052,13601,1715644008.1804905,{'runtime': 646},29,0.9621999859809875,0.11755623668432236,0.9921875,0.07674034684896469,13572,0.97193843126297,0.08503611385822296,False,0.9,0.999,translateW,49,translateH_and_or_W,downsampled_mnist,0,3,60000,True,128,-1,True,True,0,4,0.001,931
5,playful-sweep-195,344.4876379966736,8912,1715643864.347371,{'runtime': 343},19,0.94650000333786,0.1620079129934311,0.96875,0.1098206266760826,8892,0.9566890597343444,0.13334450125694275,False,0.9,0.999,translateW,49,translateH_and_or_W,downsampled_mnist,0,3,60000,True,128,-1,True,True,0,4,0.001,343
6,denim-sweep-194,290.58606600761414,6097,1715643343.378296,{'runtime': 289},13,0.9280999898910522,0.2314581274986267,0.9140625,0.259033739566803,6084,0.9317073822021484,0.2149658203125,False,0.9,0.999,translateW,49,translateH_and_or_W,downsampled_mnist,0,3,60000,True,128,-1,True,True,0,4,0.001,147
7,proud-sweep-193,550.111252784729,14071,1715643507.5354855,{'runtime': 548},30,0.8967000246047974,0.32491880655288696,0.8984375,0.2901376783847809,14040,0.9004991054534912,0.3155314326286316,False,0.9,0.999,translateW,49,translateH_and_or_W,downsampled_mnist,0,3,60000,True,128,-1,True,True,0,4,0.001,49
8,leafy-sweep-192,554.3949320316315,11725,1715643033.588699,{'runtime': 553},25,0.964299976825714,0.1149456575512886,0.96875,0.07221835106611252,11700,0.9708032608032228,0.08865822851657867,False,0.9,0.999,translateW,48,translateH_and_or_W,downsampled_mnist,0,3,60000,True,128,-1,True,True,0,4,0.001,931
9,genial-sweep-191,627.3936116695404,15947,1715642939.7560616,{'runtime': 626},34,0.9595999717712402,0.1270965039730072,0.9921875,0.034911807626485825,15912,0.9669888615608216,0.09667681902647018,False,0.9,0.999,translateW,48,translateH_and_or_W,downsampled_mnist,0,3,60000,True,128,-1,True,True,0,4,0.001,343
10,magic-sweep-190,572.9556562900543,12194,1715642464.1594932,{'runtime': 571},26,0.9366999864578248,0.19315798580646515,0.9765625,0.12021774798631668,12168,0.947081983089447,0.17194247245788574,False,0.9,0.999,translateW,48,translateH_and_or_W,downsampled_mnist,0,3,60000,True,128,-1,True,True,0,4,0.001,147
11,lyric-sweep-189,417.9560620784759,10788,1715642296.2759302,{'runtime': 416},23,0.883400022983551,0.37694400548934937,0.953125,0.1934068351984024,10764,0.8914262652397156,0.3679526746273041,False,0.9,0.999,translateW,48,translateH_and_or_W,downsampled_mnist,0,3,60000,True,128,-1,True,True,0,4,0.001,49
12,amber-sweep-188,820.2040238380432,17353,1715641874.8582518,{'runtime': 818},37,0.965399980545044,0.10865311324596404,0.984375,0.0714210495352745,17316,0.976120114326477,0.0673048347234726,False,0.9,0.999,translateW,47,translateH_and_or_W,downsampled_mnist,0,3,60000,True,128,-1,True,True,0,4,0.001,931
13,pleasant-sweep-187,714.2048919200897,17823,1715641861.873421,{'runtime': 713},38,0.958199977874756,0.13126680254936218,0.9375,0.1933777630329132,17784,0.9657785892486572,0.10271281003952026,False,0.9,0.999,translateW,47,translateH_and_or_W,downsampled_mnist,0,3,60000,True,128,-1,True,True,0,4,0.001,343
14,curious-sweep-186,425.165424823761,10788,1715641134.3901608,{'runtime': 424},23,0.9388999938964844,0.1842675656080246,0.9296875,0.14065513014793396,10764,0.9435346722602844,0.16878816485404968,False,0.9,0.999,translateW,47,translateH_and_or_W,downsampled_mnist,0,3,60000,True,128,-1,True,True,0,4,0.001,147
15,celestial-sweep-185,733.4102382659912,15477,1715641039.0946944,{'runtime': 732},33,0.911300003528595,0.27288883924484253,0.8828125,0.3466656506061554,15444,0.9194210767745972,0.2455919086933136,False,0.9,0.999,translateW,47,translateH_and_or_W,downsampled_mnist,0,3,60000,True,128,-1,True,True,0,4,0.001,49
16,laced-sweep-184,632.330408334732,15947,1715640691.1514232,{'runtime': 631},34,0.9659000039100648,0.10851029306650162,0.9609375,0.10693306475877762,15912,0.9760867357254028,0.06949999928474426,False,0.9,0.999,translateW,46,translateH_and_or_W,downsampled_mnist,0,3,60000,True,128,-1,True,True,0,4,0.001,931
17,lucky-sweep-183,747.1172244548798,15477,1715640290.091267,{'runtime': 745},33,0.961899995803833,0.12265102565288544,0.9765625,0.10930366069078444,15444,0.9652944803237916,0.10263843834400176,False,0.9,0.999,translateW,46,translateH_and_or_W,downsampled_mnist,0,3,60000,True,128,-1,True,True,0,4,0.001,343
18,mild-sweep-182,277.4709279537201,7036,1715640045.165244,{'runtime': 276},15,0.9229999780654908,0.23478014767169952,0.9296875,0.2000432312488556,7020,0.9311147928237916,0.22036242485046387,False,0.9,0.999,translateW,46,translateH_and_or_W,downsampled_mnist,0,3,60000,True,128,-1,True,True,0,4,0.001,147
19,rich-sweep-181,489.5809593200683,10318,1715639529.1895473,{'runtime': 488},22,0.9074000120162964,0.29588446021080017,0.921875,0.16445815563201904,10296,0.9110994338989258,0.27987292408943176,False,0.9,0.999,translateW,46,translateH_and_or_W,downsampled_mnist,0,3,60000,True,128,-1,True,True,0,4,0.001,49
20,light-sweep-180,725.0343055725098,17823,1715639751.8041725,{'runtime': 723},38,0.9667999744415284,0.1034831553697586,0.96875,0.10330308228731155,17784,0.9760199785232544,0.0695173367857933,False,0.9,0.999,translateW,45,translateH_and_or_W,downsampled_mnist,0,3,60000,True,128,-1,True,True,0,4,0.001,931
21,elated-sweep-179,334.3973352909088,8443,1715639011.7145202,{'runtime': 333},18,0.953499972820282,0.14801864326000214,0.953125,0.15225829184055328,8424,0.9567474722862244,0.1305290013551712,False,0.9,0.999,translateW,45,translateH_and_or_W,downsampled_mnist,0,3,60000,True,128,-1,True,True,0,4,0.001,343
22,treasured-sweep-178,727.5658082962036,15477,1715639024.9102564,{'runtime': 726},33,0.9490000009536744,0.15886637568473816,0.9453125,0.1444324105978012,15444,0.9530165195465088,0.14083611965179443,False,0.9,0.999,translateW,45,translateH_and_or_W,downsampled_mnist,0,3,60000,True,128,-1,True,True,0,4,0.001,147
23,fast-sweep-177,221.44515419006348,5629,1715638660.5576231,{'runtime': 220},12,0.8684999942779541,0.3973544538021088,0.8984375,0.2729896903038025,5616,0.8784137964248657,0.3992907106876374,False,0.9,0.999,translateW,45,translateH_and_or_W,downsampled_mnist,0,3,60000,True,128,-1,True,True,0,4,0.001,49
24,giddy-sweep-176,268.28404688835144,6567,1715638426.768385,{'runtime': 267},14,0.9523000121116638,0.14417904615402222,0.9453125,0.1590423285961151,6552,0.9619224071502686,0.12416286766529085,False,0.9,0.999,translateW,44,translateH_and_or_W,downsampled_mnist,0,3,60000,True,128,-1,True,True,0,4,0.001,931
25,eternal-sweep-175,604.0159108638763,12663,1715638281.8053098,{'runtime': 602},27,0.9556000232696532,0.13929273188114166,0.9375,0.12620480358600616,12636,0.961822271347046,0.11531997472047806,False,0.9,0.999,translateW,44,translateH_and_or_W,downsampled_mnist,0,3,60000,True,128,-1,True,True,0,4,0.001,343
26,vivid-sweep-174,404.63495922088623,10319,1715638144.632023,{'runtime': 403},22,0.9402999877929688,0.19366231560707092,0.953125,0.13970303535461426,10296,0.9433426856994628,0.1758817732334137,False,0.9,0.999,translateW,44,translateH_and_or_W,downsampled_mnist,0,3,60000,True,128,-1,True,True,0,4,0.001,147
27,fearless-sweep-173,549.262120962143,11725,1715637660.364334,{'runtime': 547},25,0.8894000053405762,0.33504465222358704,0.9296875,0.2339209020137787,11700,0.9018429517745972,0.3146427869796753,False,0.9,0.999,translateW,44,translateH_and_or_W,downsampled_mnist,0,3,60000,True,128,-1,True,True,0,4,0.001,49
28,dark-sweep-172,646.9067261219025,15947,1715637725.5090742,{'runtime': 645},34,0.9682000279426576,0.10425890237092972,0.984375,0.07646991312503815,15912,0.9746427536010742,0.07490340620279312,False,0.9,0.999,translateW,43,translateH_and_or_W,downsampled_mnist,0,3,60000,True,128,-1,True,True,0,4,0.001,931
29,gallant-sweep-171,381.2355122566223,7973,1715637095.430302,{'runtime': 380},17,0.9509000182151794,0.1573636680841446,0.9375,0.20186853408813477,7956,0.9544270634651184,0.14420658349990845,False,0.9,0.999,translateW,43,translateH_and_or_W,downsampled_mnist,0,3,60000,True,128,-1,True,True,0,4,0.001,343
30,olive-sweep-170,537.3652181625366,13602,1715637064.9841132,{'runtime': 536},29,0.9434000253677368,0.18026115000247955,0.9609375,0.15879172086715698,13572,0.9451538920402528,0.1724979728460312,False,0.9,0.999,translateW,43,translateH_and_or_W,downsampled_mnist,0,3,60000,True,128,-1,True,True,0,4,0.001,147
31,breezy-sweep-169,926.0678977966307,19698,1715636697.4984329,{'runtime': 924},42,0.8956999778747559,0.3238508403301239,0.90625,0.26762738823890686,19656,0.8991886973381042,0.3164573311805725,False,0.9,0.999,translateW,43,translateH_and_or_W,downsampled_mnist,0,3,60000,True,128,-1,True,True,0,4,0.001,49
32,crimson-sweep-168,585.0848429203033,14540,1715636514.734053,{'runtime': 583},31,0.9648000001907348,0.11265022307634354,0.96875,0.0772109255194664,14508,0.9731403589248656,0.07761635631322861,False,0.9,0.999,translateW,42,translateH_and_or_W,downsampled_mnist,0,3,60000,True,128,-1,True,True,0,4,0.001,931
33,daily-sweep-167,555.9837300777435,11725,1715635755.161418,{'runtime': 554},25,0.9531999826431274,0.14199692010879517,0.984375,0.05396164581179619,11700,0.9623814821243286,0.11078139394521712,False,0.9,0.999,translateW,42,translateH_and_or_W,downsampled_mnist,0,3,60000,True,128,-1,True,True,0,4,0.001,343
34,silver-sweep-166,698.6863796710968,18292,1715635913.538107,{'runtime': 697},39,0.9491999745368958,0.16198526322841644,0.984375,0.05448594316840172,18252,0.95780748128891,0.12989258766174316,False,0.9,0.999,translateW,42,translateH_and_or_W,downsampled_mnist,0,3,60000,True,128,-1,True,True,0,4,0.001,147
35,sweepy-sweep-165,311.20004320144653,6566,1715635181.4101722,{'runtime': 309},14,0.8816999793052673,0.3804429769515991,0.8984375,0.33668214082717896,6552,0.8897068500518799,0.3631815314292908,False,0.9,0.999,translateW,42,translateH_and_or_W,downsampled_mnist,0,3,60000,True,128,-1,True,True,0,4,0.001,49
36,quiet-sweep-164,311.6010549068451,7974,1715635197.589932,{'runtime': 310},17,0.9502000212669371,0.1465299427509308,0.96875,0.08184543251991272,7956,0.96211439371109,0.11558620631694794,False,0.9,0.999,translateW,41,translateH_and_or_W,downsampled_mnist,0,3,60000,True,128,-1,True,True,0,4,0.001,931
37,visionary-sweep-163,634.3489181995392,13132,1715634853.0270631,{'runtime': 633},28,0.9526000022888184,0.14459016919136047,0.984375,0.0815310999751091,13104,0.9634164571762084,0.11050942540168762,False,0.9,0.999,translateW,41,translateH_and_or_W,downsampled_mnist,0,3,60000,True,128,-1,True,True,0,4,0.001,343
38,resilient-sweep-162,159.57664108276367,3283,1715634203.535156,{'runtime': 158},7,0.8913999795913696,0.33784857392311096,0.921875,0.2623307704925537,3276,0.908645510673523,0.31951209902763367,False,0.9,0.999,translateW,41,translateH_and_or_W,downsampled_mnist,0,3,60000,True,128,-1,True,True,0,4,0.001,147
39,peach-sweep-161,695.7928094863892,17823,1715634872.0104244,{'runtime': 694},38,0.9186000227928162,0.25978565216064453,0.8671875,0.3953558206558227,17784,0.9244458079338074,0.2253991961479187,False,0.9,0.999,translateW,41,translateH_and_or_W,downsampled_mnist,0,3,60000,True,128,-1,True,True,0,4,0.001,49
40,stellar-sweep-160,492.46206974983215,10318,1715634027.8412378,{'runtime': 491},22,0.9617999792099,0.125803604722023,0.9765625,0.05979815125465393,10296,0.9690003991127014,0.09267818182706831,False,0.9,0.999,translateW,40,translateH_and_or_W,downsampled_mnist,0,3,60000,True,128,-1,True,True,0,4,0.001,931
41,ethereal-sweep-159,686.5430016517639,17354,1715634158.1499827,{'runtime': 685},37,0.96069997549057,0.13160395622253418,0.9609375,0.12377148121595384,17316,0.9649605751037598,0.1041448935866356,False,0.9,0.999,translateW,40,translateH_and_or_W,downsampled_mnist,0,3,60000,True,128,-1,True,True,0,4,0.001,343
42,major-sweep-158,800.5133717060089,16884,1715633519.7993886,{'runtime': 799},36,0.9435999989509584,0.1795225292444229,0.953125,0.1350366622209549,16848,0.9488013982772828,0.15828131139278412,False,0.9,0.999,translateW,40,translateH_and_or_W,downsampled_mnist,0,3,60000,True,128,-1,True,True,0,4,0.001,147
43,denim-sweep-157,601.7925236225128,15478,1715633453.7830906,{'runtime': 600},33,0.9225999712944032,0.248902291059494,0.9296875,0.2963569760322571,15444,0.9268412590026855,0.22577956318855288,False,0.9,0.999,translateW,40,translateH_and_or_W,downsampled_mnist,0,3,60000,True,128,-1,True,True,0,4,0.001,49
44,efficient-sweep-156,517.1575162410736,13133,1715632838.9977412,{'runtime': 515},28,0.9639000296592712,0.10939699411392212,0.9453125,0.17657601833343506,13104,0.9710870981216432,0.08661151677370071,False,0.9,0.999,translateW,39,translateH_and_or_W,downsampled_mnist,0,3,60000,True,128,-1,True,True,0,4,0.001,931
45,stellar-sweep-155,662.7894604206085,14070,1715632703.7837465,{'runtime': 661},30,0.9569000005722046,0.13545149564743042,0.96875,0.13548560440540314,14040,0.9622395634651184,0.11540332436561584,False,0.9,0.999,translateW,39,translateH_and_or_W,downsampled_mnist,0,3,60000,True,128,-1,True,True,0,4,0.001,343
46,likely-sweep-154,399.3554813861847,8442,1715632026.5708234,{'runtime': 397},18,0.9316999912261964,0.21625788509845736,0.9609375,0.16043400764465332,8424,0.935621976852417,0.2085385620594025,False,0.9,0.999,translateW,39,translateH_and_or_W,downsampled_mnist,0,3,60000,True,128,-1,True,True,0,4,0.001,147
47,iconic-sweep-153,646.2762548923492,16416,1715632306.0385149,{'runtime': 645},35,0.9064000248908995,0.288093239068985,0.875,0.3407653570175171,16380,0.9093132615089417,0.2856425940990448,False,0.9,0.999,translateW,39,translateH_and_or_W,downsampled_mnist,0,3,60000,True,128,-1,True,True,0,4,0.001,49
48,eager-sweep-152,478.08092498779297,12195,1715631645.339572,{'runtime': 476},26,0.961300015449524,0.11970129609107973,0.984375,0.041471853852272034,12168,0.970168948173523,0.09112321585416794,False,0.9,0.999,translateW,38,translateH_and_or_W,downsampled_mnist,0,3,60000,True,128,-1,True,True,0,4,0.001,931
49,honest-sweep-151,731.2018311023712,15477,1715631611.6774502,{'runtime': 730},33,0.958199977874756,0.12681224942207336,0.9453125,0.12329337000846864,15444,0.9646517634391784,0.10352401435375214,False,0.9,0.999,translateW,38,translateH_and_or_W,downsampled_mnist,0,3,60000,True,128,-1,True,True,0,4,0.001,343
50,good-sweep-150,492.7528941631317,12664,1715631151.421925,{'runtime': 491},27,0.9350000023841858,0.19734728336334229,0.9765625,0.06260033696889877,12636,0.9422743320465088,0.18126162886619568,False,0.9,0.999,translateW,38,translateH_and_or_W,downsampled_mnist,0,3,60000,True,128,-1,True,True,0,4,0.001,147
51,icy-sweep-149,552.7808127403259,11725,1715630858.188979,{'runtime': 551},25,0.8733999729156494,0.3947123885154724,0.921875,0.24074643850326535,11700,0.8839226365089417,0.37176838517189026,False,0.9,0.999,translateW,38,translateH_and_or_W,downsampled_mnist,0,3,60000,True,128,-1,True,True,0,4,0.001,49
52,winter-sweep-148,598.3384017944336,12663,1715630288.1935308,{'runtime': 597},27,0.963699996471405,0.11618487536907196,0.9765625,0.08495786041021347,12636,0.9714125990867616,0.08455398678779602,False,0.9,0.999,translateW,37,translateH_and_or_W,downsampled_mnist,0,3,60000,True,128,-1,True,True,0,4,0.001,931
53,radiant-sweep-147,759.1681945323944,19699,1715630642.2029195,{'runtime': 757},42,0.9621000289916992,0.12450643628835678,0.96875,0.07969813793897629,19656,0.967681646347046,0.09894014149904252,False,0.9,0.999,translateW,37,translateH_and_or_W,downsampled_mnist,0,3,60000,True,128,-1,True,True,0,4,0.001,343
54,dashing-sweep-146,625.9227941036224,16416,1715629855.4541411,{'runtime': 624},35,0.94760000705719,0.16600476205348969,0.9453125,0.20093663036823273,16380,0.9499782919883728,0.15138129889965057,False,0.9,0.999,translateW,37,translateH_and_or_W,downsampled_mnist,0,3,60000,True,128,-1,True,True,0,4,0.001,147
55,jumping-sweep-145,191.83285403251648,4691,1715629214.73721,{'runtime': 190},10,0.8651999831199646,0.4231663048267365,0.8828125,0.3999272882938385,4680,0.8729550838470459,0.4128360450267792,False,0.9,0.999,translateW,37,translateH_and_or_W,downsampled_mnist,0,3,60000,True,128,-1,True,True,0,4,0.001,49
56,serene-sweep-144,925.6866648197174,19698,1715629673.2722569,{'runtime': 924},42,0.9700999855995178,0.10404723137617113,0.9765625,0.08477962017059326,19656,0.9771217107772828,0.06460180878639221,False,0.9,0.999,translateW,36,translateH_and_or_W,downsampled_mnist,0,3,60000,True,128,-1,True,True,0,4,0.001,931
57,eager-sweep-143,580.0809059143066,12194,1715628728.471702,{'runtime': 578},26,0.958400011062622,0.12980282306671145,0.9609375,0.1856626719236374,12168,0.962890625,0.11170891672372818,False,0.9,0.999,translateW,36,translateH_and_or_W,downsampled_mnist,0,3,60000,True,128,-1,True,True,0,4,0.001,343
58,avid-sweep-142,585.6968541145325,15009,1715629006.2906082,{'runtime': 584},32,0.9470000267028807,0.16239246726036072,0.9765625,0.09720354527235033,14976,0.9503706097602844,0.14923153817653656,False,0.9,0.999,translateW,36,translateH_and_or_W,downsampled_mnist,0,3,60000,True,128,-1,True,True,0,4,0.001,147
59,breezy-sweep-141,291.3091037273407,7505,1715628404.3710296,{'runtime': 290},16,0.8339999914169312,0.503487229347229,0.8671875,0.3839451670646667,7488,0.8558109402656555,0.49932798743247986,False,0.9,0.999,translateW,36,translateH_and_or_W,downsampled_mnist,0,3,60000,True,128,-1,True,True,0,4,0.001,49
60,rare-sweep-140,402.9580855369568,8442,1715628130.4983115,{'runtime': 401},18,0.9556999802589417,0.13154803216457367,0.9609375,0.145938441157341,8424,0.9638838768005372,0.10836004465818404,False,0.9,0.999,translateW,35,translateH_and_or_W,downsampled_mnist,0,3,60000,True,128,-1,True,True,0,4,0.001,931
61,dainty-sweep-139,352.14569783210754,8912,1715628100.4625638,{'runtime': 351},19,0.953499972820282,0.14893417060375214,0.9609375,0.1121467500925064,8892,0.9572482705116272,0.13308697938919067,False,0.9,0.999,translateW,35,translateH_and_or_W,downsampled_mnist,0,3,60000,True,128,-1,True,True,0,4,0.001,343
62,flowing-sweep-138,382.2586622238159,9850,1715627733.7261293,{'runtime': 381},21,0.9391999840736388,0.19025461375713348,0.9375,0.1991732120513916,9828,0.941481351852417,0.1834511160850525,False,0.9,0.999,translateW,35,translateH_and_or_W,downsampled_mnist,0,3,60000,True,128,-1,True,True,0,4,0.001,147
63,glad-sweep-137,661.9865415096283,14070,1715627708.5296435,{'runtime': 660},30,0.9164000153541564,0.2614852786064148,0.8984375,0.25625234842300415,14040,0.91972154378891,0.24970555305480957,False,0.9,0.999,translateW,35,translateH_and_or_W,downsampled_mnist,0,3,60000,True,128,-1,True,True,0,4,0.001,49
64,bumbling-sweep-136,381.56361413002014,7973,1715627031.4963312,{'runtime': 380},17,0.9534000158309937,0.13499824702739716,0.953125,0.12141187489032744,7956,0.9647769927978516,0.10742629319429398,False,0.9,0.999,translateW,34,translateH_and_or_W,downsampled_mnist,0,3,60000,True,128,-1,True,True,0,4,0.001,931
65,devout-sweep-135,617.6857929229736,15478,1715627333.8897848,{'runtime': 616},33,0.9574000239372252,0.13212670385837555,0.96875,0.08776702731847763,15444,0.9662126302719116,0.10293244570493698,False,0.9,0.999,translateW,34,translateH_and_or_W,downsampled_mnist,0,3,60000,True,128,-1,True,True,0,4,0.001,343
66,fluent-sweep-134,530.0161964893341,11256,1715626633.9511924,{'runtime': 528},24,0.9372000098228456,0.1863015294075012,0.9375,0.2113228291273117,11232,0.9429670572280884,0.17371264100074768,False,0.9,0.999,translateW,34,translateH_and_or_W,downsampled_mnist,0,3,60000,True,128,-1,True,True,0,4,0.001,147
67,generous-sweep-133,523.3385493755341,13602,1715626699.6180215,{'runtime': 522},29,0.916700005531311,0.25723379850387573,0.9140625,0.25090113282203674,13572,0.92331063747406,0.24406401813030243,False,0.9,0.999,translateW,34,translateH_and_or_W,downsampled_mnist,0,3,60000,True,128,-1,True,True,0,4,0.001,49
68,floral-sweep-132,513.4718580245972,10787,1715626088.874936,{'runtime': 512},23,0.9609000086784364,0.12024842202663422,0.9609375,0.08840613067150116,10764,0.9695679545402528,0.08901690691709518,False,0.9,0.999,translateW,33,translateH_and_or_W,downsampled_mnist,0,3,60000,True,128,-1,True,True,0,4,0.001,931
69,different-sweep-131,751.1979176998138,19230,1715626160.2128518,{'runtime': 750},41,0.9592999815940856,0.12957720458507538,0.9375,0.14975117146968842,19188,0.9671975374221802,0.09709607064723969,False,0.9,0.999,translateW,33,translateH_and_or_W,downsampled_mnist,0,3,60000,True,128,-1,True,True,0,4,0.001,343
70,sandy-sweep-130,968.4672904014589,20636,1715625560.3563783,{'runtime': 967},44,0.9451000094413756,0.17575114965438843,0.9375,0.14343439042568207,20592,0.9535006284713744,0.14373862743377686,False,0.9,0.999,translateW,33,translateH_and_or_W,downsampled_mnist,0,3,60000,True,128,-1,True,True,0,4,0.001,147
71,genial-sweep-129,592.8510138988495,15009,1715625392.4339688,{'runtime': 591},32,0.9093000292778016,0.28204959630966187,0.9296875,0.20975755155086517,14976,0.9117254018783568,0.27158138155937195,False,0.9,0.999,translateW,33,translateH_and_or_W,downsampled_mnist,0,3,60000,True,128,-1,True,True,0,4,0.001,49
72,genial-sweep-128,386.738881111145,9381,1715624785.1243622,{'runtime': 385},20,0.9598000049591064,0.12343520671129228,0.9765625,0.08019042015075684,9360,0.9690588116645812,0.09433437138795853,False,0.9,0.999,translateW,32,translateH_and_or_W,downsampled_mnist,0,3,60000,True,128,-1,True,True,0,4,0.001,931
73,worldly-sweep-127,799.7599167823792,16884,1715624576.8689957,{'runtime': 798},36,0.9557999968528748,0.13746389746665957,0.9609375,0.1066964864730835,16848,0.965486466884613,0.10293684899806976,False,0.9,0.999,translateW,32,translateH_and_or_W,downsampled_mnist,0,3,60000,True,128,-1,True,True,0,4,0.001,343
74,blooming-sweep-126,477.22121834754944,12195,1715624385.8043003,{'runtime': 476},26,0.9348999857902528,0.20747210085392,0.9296875,0.16144105792045593,12168,0.9419571161270142,0.18393070995807648,False,0.9,0.999,translateW,32,translateH_and_or_W,downsampled_mnist,0,3,60000,True,128,-1,True,True,0,4,0.001,147
75,playful-sweep-125,482.58898401260376,10318,1715623764.000117,{'runtime': 481},22,0.8896999955177307,0.3479160964488983,0.9140625,0.29762938618659973,10296,0.8933543562889099,0.3331664502620697,False,0.9,0.999,translateW,32,translateH_and_or_W,downsampled_mnist,0,3,60000,True,128,-1,True,True,0,4,0.001,49
76,rich-sweep-124,479.8344650268554,11726,1715623894.918789,{'runtime': 478},25,0.959999978542328,0.12002481520175934,0.984375,0.06945669651031494,11700,0.969542920589447,0.09443650394678116,False,0.9,0.999,translateW,31,translateH_and_or_W,downsampled_mnist,0,3,60000,True,128,-1,True,True,0,4,0.001,931
77,dandy-sweep-123,150.78096103668213,3753,1715623396.3135622,{'runtime': 149},8,0.9308000206947328,0.2154106497764587,0.9375,0.15038329362869263,3744,0.9391610026359558,0.2063450962305069,False,0.9,0.999,translateW,31,translateH_and_or_W,downsampled_mnist,0,3,60000,True,128,-1,True,True,0,4,0.001,343
78,vibrant-sweep-122,313.4639630317688,6566,1715623265.474339,{'runtime': 312},14,0.932200014591217,0.21292799711227417,0.953125,0.13372741639614105,6552,0.9352547526359558,0.2021365463733673,False,0.9,0.999,translateW,31,translateH_and_or_W,downsampled_mnist,0,3,60000,True,128,-1,True,True,0,4,0.001,147
79,driven-sweep-121,381.88054370880127,7973,1715622931.8909788,{'runtime': 380},17,0.8392000198364258,0.4863056540489197,0.859375,0.4536987841129303,7956,0.8620292544364929,0.4680662751197815,False,0.9,0.999,translateW,31,translateH_and_or_W,downsampled_mnist,0,3,60000,True,128,-1,True,True,0,4,0.001,49
80,skilled-sweep-120,760.2196900844574,18761,1715623231.9537702,{'runtime': 759},40,0.96670001745224,0.10432474315166472,0.9765625,0.05162588506937027,18720,0.9775807857513428,0.0650390014052391,False,0.9,0.999,translateW,30,translateH_and_or_W,downsampled_mnist,0,3,60000,True,128,-1,True,True,0,4,0.001,931
81,fast-sweep-119,756.651852607727,15946,1715622533.9337966,{'runtime': 755},34,0.958299994468689,0.13138121366500854,0.9765625,0.09600038081407548,15912,0.9653362035751344,0.10536504536867142,False,0.9,0.999,translateW,30,translateH_and_or_W,downsampled_mnist,0,3,60000,True,128,-1,True,True,0,4,0.001,343
82,blooming-sweep-118,466.9852011203766,11726,1715622455.9088652,{'runtime': 465},25,0.9426000118255616,0.18165896832942963,0.9453125,0.14764420688152313,11700,0.9482338428497314,0.1581885814666748,False,0.9,0.999,translateW,30,translateH_and_or_W,downsampled_mnist,0,3,60000,True,128,-1,True,True,0,4,0.001,147
83,elated-sweep-117,407.5953152179718,10788,1715621972.5880532,{'runtime': 406},23,0.8999000191688538,0.30016446113586426,0.921875,0.17959405481815338,10764,0.9149889945983888,0.2727802097797394,False,0.9,0.999,translateW,30,translateH_and_or_W,downsampled_mnist,0,3,60000,True,128,-1,True,True,0,4,0.001,49
84,glowing-sweep-116,406.18182826042175,10319,1715621549.6333303,{'runtime': 404},22,0.9646999835968018,0.11139334738254549,0.96875,0.08025456964969635,10296,0.9682825803756714,0.093404620885849,False,0.9,0.999,translateW,29,translateH_and_or_W,downsampled_mnist,0,3,60000,True,128,-1,True,True,0,4,0.001,931
85,stellar-sweep-115,989.4326939582824,21105,1715621761.3442469,{'runtime': 988},45,0.9610999822616576,0.1189897432923317,0.9765625,0.08281613886356354,21060,0.9693092107772828,0.0879766196012497,False,0.9,0.999,translateW,29,translateH_and_or_W,downsampled_mnist,0,3,60000,True,128,-1,True,True,0,4,0.001,343
86,glad-sweep-114,629.3850042819977,15947,1715621121.7296722,{'runtime': 627},34,0.948099970817566,0.173848494887352,0.953125,0.16684673726558685,15912,0.9498364329338074,0.1529985070228577,False,0.9,0.999,translateW,29,translateH_and_or_W,downsampled_mnist,0,3,60000,True,128,-1,True,True,0,4,0.001,147
87,solar-sweep-113,598.3076438903809,12663,1715620756.261453,{'runtime': 597},27,0.9218000173568726,0.24146972596645355,0.8984375,0.24790672957897184,12636,0.9239783883094788,0.23136596381664276,False,0.9,0.999,translateW,29,translateH_and_or_W,downsampled_mnist,0,3,60000,True,128,-1,True,True,0,4,0.001,49
88,silver-sweep-112,294.36647295951843,6097,1715620137.140861,{'runtime': 293},13,0.954800009727478,0.14927253127098083,0.96875,0.09845536202192308,6084,0.9573317170143129,0.13184891641139984,False,0.9,0.999,translateW,28,translateH_and_or_W,downsampled_mnist,0,3,60000,True,128,-1,True,True,0,4,0.001,931
89,iconic-sweep-111,539.873298406601,13602,1715620476.9183483,{'runtime': 538},29,0.95770001411438,0.13863025605678558,0.9609375,0.1338886320590973,13572,0.961730420589447,0.1180710345506668,False,0.9,0.999,translateW,28,translateH_and_or_W,downsampled_mnist,0,3,60000,True,128,-1,True,True,0,4,0.001,343
90,fiery-sweep-110,496.5141525268554,12195,1715619912.3885105,{'runtime': 495},26,0.9333000183105468,0.21925108134746552,0.9296875,0.1992844045162201,12168,0.9372579455375672,0.20346128940582275,False,0.9,0.999,translateW,28,translateH_and_or_W,downsampled_mnist,0,3,60000,True,128,-1,True,True,0,4,0.001,147
91,azure-sweep-109,704.5457859039307,15008,1715619827.1536448,{'runtime': 703},32,0.8948000073432922,0.3387875258922577,0.8828125,0.3980469703674317,14976,0.9005993008613586,0.33012691140174866,False,0.9,0.999,translateW,28,translateH_and_or_W,downsampled_mnist,0,3,60000,True,128,-1,True,True,0,4,0.001,49
92,effortless-sweep-108,574.4891831874847,14540,1715619398.4919162,{'runtime': 573},31,0.9663000106811525,0.10778216272592545,0.953125,0.17512814700603485,14508,0.9741920232772828,0.07572631537914276,False,0.9,0.999,translateW,27,translateH_and_or_W,downsampled_mnist,0,3,60000,True,128,-1,True,True,0,4,0.001,931
93,hearty-sweep-107,646.5213763713837,13601,1715619106.8864434,{'runtime': 644},29,0.9575999975204468,0.13150635361671448,0.9765625,0.10711730271577836,13572,0.9652611017227172,0.10583280771970748,False,0.9,0.999,translateW,27,translateH_and_or_W,downsampled_mnist,0,3,60000,True,128,-1,True,True,0,4,0.001,343
94,hearty-sweep-106,253.622008562088,6098,1715618782.0908356,{'runtime': 235},13,0.925000011920929,0.23801667988300323,0.921875,0.2695116102695465,6084,0.92962908744812,0.2207546979188919,False,0.9,0.999,translateW,27,translateH_and_or_W,downsampled_mnist,0,3,60000,True,128,-1,True,True,0,4,0.001,147
95,visionary-sweep-105,485.49648118019104,10318,1715618442.8263872,{'runtime': 484},22,0.8784999847412109,0.39069122076034546,0.9140625,0.325778067111969,10296,0.8799078464508057,0.3775111436843872,False,0.9,0.999,translateW,27,translateH_and_or_W,downsampled_mnist,0,3,60000,True,128,-1,True,True,0,4,0.001,49
96,fresh-sweep-104,532.0593509674072,13602,1715618511.309741,{'runtime': 530},29,0.9646000266075134,0.113937646150589,0.9921875,0.02122768573462963,13572,0.9728899598121644,0.07853442430496216,False,0.9,0.999,translateW,26,translateH_and_or_W,downsampled_mnist,0,3,60000,True,128,-1,True,True,0,4,0.001,931
97,unique-sweep-103,448.1168429851532,9380,1715617940.165268,{'runtime': 446},20,0.9556999802589417,0.13950230181217194,0.96875,0.07261323183774948,9360,0.9598023295402528,0.12019354850053789,False,0.9,0.999,translateW,26,translateH_and_or_W,downsampled_mnist,0,3,60000,True,128,-1,True,True,0,4,0.001,343
98,silver-sweep-102,338.70179986953735,8443,1715617962.476491,{'runtime': 337},18,0.9287999868392944,0.22048261761665344,0.9609375,0.13122741878032684,8424,0.9358556866645812,0.20495709776878357,False,0.9,0.999,translateW,26,translateH_and_or_W,downsampled_mnist,0,3,60000,True,128,-1,True,True,0,4,0.001,147
99,denim-sweep-101,313.84887886047363,7974,1715617607.2206178,{'runtime': 312},17,0.880299985408783,0.3714919090270996,0.921875,0.28104516863822937,7956,0.8855335116386414,0.35635998845100403,False,0.9,0.999,translateW,26,translateH_and_or_W,downsampled_mnist,0,3,60000,True,128,-1,True,True,0,4,0.001,49
100,celestial-sweep-100,470.4258222579956,9849,1715617472.5362382,{'runtime': 468},21,0.958199977874756,0.12830041348934174,0.9765625,0.059199508279562,9828,0.9657034873962402,0.10867922008037569,False,0.9,0.999,translateW,25,translateH_and_or_W,downsampled_mnist,0,3,60000,True,128,-1,True,True,0,4,0.001,931
101,dark-sweep-99,351.74017786979675,8912,1715617279.735474,{'runtime': 350},19,0.9523000121116638,0.14698483049869537,0.9375,0.17388848960399628,8892,0.956405222415924,0.13165128231048584,False,0.9,0.999,translateW,25,translateH_and_or_W,downsampled_mnist,0,3,60000,True,128,-1,True,True,0,4,0.001,343
102,polished-sweep-98,618.3319711685181,13132,1715616971.468203,{'runtime': 616},28,0.9451000094413756,0.16959761083126068,0.9609375,0.09657380729913712,13104,0.952073335647583,0.1477500945329666,False,0.9,0.999,translateW,25,translateH_and_or_W,downsampled_mnist,0,3,60000,True,128,-1,True,True,0,4,0.001,147
103,mild-sweep-97,557.5761170387268,14071,1715616914.16358,{'runtime': 556},30,0.8950999975204468,0.326937735080719,0.859375,0.42401817440986633,14040,0.901458978652954,0.30672699213027954,False,0.9,0.999,translateW,25,translateH_and_or_W,downsampled_mnist,0,3,60000,True,128,-1,True,True,0,4,0.001,49
104,major-sweep-96,493.1445426940918,10318,1715616336.7406976,{'runtime': 491},22,0.9580000042915344,0.13348108530044556,0.9609375,0.1329721957445145,10296,0.966170847415924,0.1080201119184494,False,0.9,0.999,translateW,24,translateH_and_or_W,downsampled_mnist,0,3,60000,True,128,-1,True,True,0,4,0.001,931
105,fiery-sweep-95,588.4719593524933,15478,1715616341.0269113,{'runtime': 587},33,0.9629999995231628,0.11691144108772278,0.953125,0.11763925105333328,15444,0.9683493375778198,0.09275702387094498,False,0.9,0.999,translateW,24,translateH_and_or_W,downsampled_mnist,0,3,60000,True,128,-1,True,True,0,4,0.001,343
106,eternal-sweep-94,681.9291825294495,14539,1715615826.7409265,{'runtime': 680},31,0.9409000277519226,0.19149000942707065,0.9375,0.22759610414505005,14508,0.9444945454597472,0.176445335149765,False,0.9,0.999,translateW,24,translateH_and_or_W,downsampled_mnist,0,3,60000,True,128,-1,True,True,0,4,0.001,147
107,vibrant-sweep-93,565.1885335445404,14071,1715615739.7241075,{'runtime': 564},30,0.8917999863624573,0.3336362838745117,0.90625,0.25634709000587463,14040,0.8966513276100159,0.31478723883628845,False,0.9,0.999,translateW,24,translateH_and_or_W,downsampled_mnist,0,3,60000,True,128,-1,True,True,0,4,0.001,49
108,wise-sweep-92,559.4756071567535,11725,1715615132.405765,{'runtime': 558},25,0.9553999900817872,0.1329708695411682,0.984375,0.05072310194373131,11700,0.9706530570983888,0.0885990709066391,False,0.9,0.999,translateW,23,translateH_and_or_W,downsampled_mnist,0,3,60000,True,128,-1,True,True,0,4,0.001,931
109,eternal-sweep-91,482.2146956920624,12664,1715615159.4955728,{'runtime': 481},27,0.9524999856948853,0.14332181215286255,0.9453125,0.15068607032299042,12636,0.9618306159973145,0.117569200694561,False,0.9,0.999,translateW,23,translateH_and_or_W,downsampled_mnist,0,3,60000,True,128,-1,True,True,0,4,0.001,343
110,fast-sweep-90,575.081906080246,12194,1715614559.289375,{'runtime': 573},26,0.9293000102043152,0.2189863473176956,0.921875,0.25282588601112366,12168,0.9416149258613586,0.18710841238498688,False,0.9,0.999,translateW,23,translateH_and_or_W,downsampled_mnist,0,3,60000,True,128,-1,True,True,0,4,0.001,147
111,glamorous-sweep-89,400.83988404273987,10319,1715614656.742986,{'runtime': 399},22,0.8885999917984009,0.3454717695713043,0.8671875,0.4086768329143524,10296,0.8983540534973145,0.32588064670562744,False,0.9,0.999,translateW,23,translateH_and_or_W,downsampled_mnist,0,3,60000,True,128,-1,True,True,0,4,0.001,49
112,dandy-sweep-88,516.0381968021393,10787,1715613966.4684837,{'runtime': 514},23,0.9617000222206116,0.11277828365564346,0.953125,0.12907280027866364,10764,0.9715795516967772,0.08135571330785751,False,0.9,0.999,translateW,22,translateH_and_or_W,downsampled_mnist,0,3,60000,True,128,-1,True,True,0,4,0.001,931
113,denim-sweep-87,565.783723115921,14540,1715614232.2982342,{'runtime': 564},31,0.9531000256538392,0.1395542174577713,0.9609375,0.12461921572685242,14508,0.9628822803497314,0.11414031684398653,False,0.9,0.999,translateW,22,translateH_and_or_W,downsampled_mnist,0,3,60000,True,128,-1,True,True,0,4,0.001,343
114,likely-sweep-86,511.5415813922882,10787,1715613435.3525414,{'runtime': 509},23,0.9358999729156494,0.20137135684490204,0.9375,0.14400888979434967,10764,0.9429086446762084,0.1808261275291443,False,0.9,0.999,translateW,22,translateH_and_or_W,downsampled_mnist,0,3,60000,True,128,-1,True,True,0,4,0.001,147
115,dashing-sweep-85,756.7787210941315,19230,1715613652.3718052,{'runtime': 755},41,0.9258999824523926,0.2395225167274475,0.9453125,0.1712665855884552,19188,0.9301131963729858,0.2173856943845749,False,0.9,0.999,translateW,22,translateH_and_or_W,downsampled_mnist,0,3,60000,True,128,-1,True,True,0,4,0.001,49
116,glamorous-sweep-84,625.1502964496613,13132,1715612908.7853715,{'runtime': 623},28,0.9588000178337096,0.12325794994831084,0.9765625,0.06654860079288483,13104,0.9704527258872986,0.09033383429050446,False,0.9,0.999,translateW,21,translateH_and_or_W,downsampled_mnist,0,3,60000,True,128,-1,True,True,0,4,0.001,931
117,copper-sweep-83,415.45963859558105,10788,1715612879.8130937,{'runtime': 414},23,0.9560999870300292,0.13525499403476715,0.953125,0.16660217940807345,10764,0.961546778678894,0.11461830884218216,False,0.9,0.999,translateW,21,translateH_and_or_W,downsampled_mnist,0,3,60000,True,128,-1,True,True,0,4,0.001,343
118,super-sweep-82,463.60583090782166,9849,1715612269.423677,{'runtime': 462},21,0.932699978351593,0.2028099000453949,0.9609375,0.07476931810379028,9828,0.9408303499221802,0.18379199504852295,False,0.9,0.999,translateW,21,translateH_and_or_W,downsampled_mnist,0,3,60000,True,128,-1,True,True,0,4,0.001,147
119,vague-sweep-81,628.4697618484497,15947,1715612446.029419,{'runtime': 627},34,0.8991000056266785,0.30125197768211365,0.90625,0.29611024260520935,15912,0.90645033121109,0.2935725152492523,False,0.9,0.999,translateW,21,translateH_and_or_W,downsampled_mnist,0,3,60000,True,128,-1,True,True,0,4,0.001,49
120,youthful-sweep-80,448.0226089954376,9380,1715611793.15313,{'runtime': 446},20,0.9599000215530396,0.12657158076763153,0.9609375,0.10921431332826614,9360,0.966187596321106,0.10150089114904404,False,0.9,0.999,translateW,20,translateH_and_or_W,downsampled_mnist,0,3,60000,True,128,-1,True,True,0,4,0.001,931
121,glowing-sweep-79,626.099155664444,16416,1715611803.0582807,{'runtime': 624},35,0.9563000202178956,0.1432988941669464,0.9453125,0.1076463982462883,16380,0.9641759991645812,0.10763880610466003,False,0.9,0.999,translateW,20,translateH_and_or_W,downsampled_mnist,0,3,60000,True,128,-1,True,True,0,4,0.001,343
122,fluent-sweep-78,646.0422840118408,13601,1715611328.524092,{'runtime': 644},29,0.9419000148773192,0.17724694311618805,0.953125,0.22919291257858276,13572,0.9477163553237916,0.1618916541337967,False,0.9,0.999,translateW,20,translateH_and_or_W,downsampled_mnist,0,3,60000,True,128,-1,True,True,0,4,0.001,147
123,daily-sweep-77,484.59899950027466,10318,1715610669.7234583,{'runtime': 483},22,0.9133999943733216,0.27361416816711426,0.890625,0.31205159425735474,10296,0.9146550893783568,0.2636629343032837,False,0.9,0.999,translateW,20,translateH_and_or_W,downsampled_mnist,0,3,60000,True,128,-1,True,True,0,4,0.001,49
124,copper-sweep-76,743.1536190509796,18761,1715611162.386475,{'runtime': 741},40,0.9679999947547911,0.10069900751113892,0.96875,0.07779669761657715,18720,0.9780398607254028,0.06275977939367294,False,0.9,0.999,translateW,19,translateH_and_or_W,downsampled_mnist,0,3,60000,True,128,-1,True,True,0,4,0.001,931
125,cosmic-sweep-75,377.3848042488098,9381,1715610404.975978,{'runtime': 376},20,0.9531000256538392,0.14838950335979462,0.9453125,0.2214579731225967,9360,0.9582331776618958,0.1297881156206131,False,0.9,0.999,translateW,19,translateH_and_or_W,downsampled_mnist,0,3,60000,True,128,-1,True,True,0,4,0.001,343
126,dark-sweep-74,467.3221764564514,9849,1715610170.8939145,{'runtime': 466},21,0.9368000030517578,0.19838778674602509,0.9296875,0.21168938279151917,9828,0.9400540590286256,0.18735668063163757,False,0.9,0.999,translateW,19,translateH_and_or_W,downsampled_mnist,0,3,60000,True,128,-1,True,True,0,4,0.001,147
127,magic-sweep-73,298.5858328342438,7505,1715610013.78331,{'runtime': 297},16,0.8816999793052673,0.37490972876548767,0.875,0.3449952304363251,7488,0.8830879330635071,0.3776671886444092,False,0.9,0.999,translateW,19,translateH_and_or_W,downsampled_mnist,0,3,60000,True,128,-1,True,True,0,4,0.001,49
128,tough-sweep-72,264.4679594039917,6567,1715609698.8815415,{'runtime': 263},14,0.9520999789237976,0.14497777819633484,0.96875,0.08388908207416534,6552,0.9598106741905212,0.127056822180748,False,0.9,0.999,translateW,18,translateH_and_or_W,downsampled_mnist,0,3,60000,True,128,-1,True,True,0,4,0.001,931
129,mild-sweep-71,777.6469888687134,16415,1715609691.18481,{'runtime': 776},35,0.9575999975204468,0.13158202171325684,0.984375,0.06842025369405746,16380,0.964768648147583,0.10573932528495789,False,0.9,0.999,translateW,18,translateH_and_or_W,downsampled_mnist,0,3,60000,True,128,-1,True,True,0,4,0.001,343
130,royal-sweep-70,264.5404393672943,6567,1715609418.3992743,{'runtime': 263},14,0.9336000084877014,0.20905710756778717,0.921875,0.17533636093139648,6552,0.9345369338989258,0.2034452110528946,False,0.9,0.999,translateW,18,translateH_and_or_W,downsampled_mnist,0,3,60000,True,128,-1,True,True,0,4,0.001,147
131,breezy-sweep-69,299.11961674690247,7505,1715609140.6696208,{'runtime': 298},16,0.8834999799728394,0.3703814446926117,0.953125,0.21094486117362976,7488,0.8914262652397156,0.36149123311042786,False,0.9,0.999,translateW,18,translateH_and_or_W,downsampled_mnist,0,3,60000,True,128,-1,True,True,0,4,0.001,49
132,splendid-sweep-68,538.0641493797302,13602,1715608828.8746274,{'runtime': 536},29,0.9585000276565552,0.12313682585954666,0.96875,0.11366501450538637,13572,0.9722388982772828,0.0796075239777565,False,0.9,0.999,translateW,17,translateH_and_or_W,downsampled_mnist,0,3,60000,True,128,-1,True,True,0,4,0.001,931
133,unique-sweep-67,907.3888065814972,19229,1715608899.7050896,{'runtime': 906},41,0.9564999938011168,0.1391225308179855,0.953125,0.16042272746562958,19188,0.96869158744812,0.09195058792829514,False,0.9,0.999,translateW,17,translateH_and_or_W,downsampled_mnist,0,3,60000,True,128,-1,True,True,0,4,0.001,343
134,fast-sweep-66,518.8606398105621,13133,1715608275.329656,{'runtime': 517},28,0.941100001335144,0.18414948880672455,0.9765625,0.1118125319480896,13104,0.9475577473640442,0.1600235402584076,False,0.9,0.999,translateW,17,translateH_and_or_W,downsampled_mnist,0,3,60000,True,128,-1,True,True,0,4,0.001,147
135,dutiful-sweep-65,406.9619884490967,10319,1715607744.6172276,{'runtime': 405},22,0.8873999714851379,0.36382943391799927,0.875,0.3982263207435608,10296,0.9025774598121644,0.3312647044658661,False,0.9,0.999,translateW,17,translateH_and_or_W,downsampled_mnist,0,3,60000,True,128,-1,True,True,0,4,0.001,49
136,swept-sweep-64,1168.8691818714142,24857,1715607979.6320038,{'runtime': 1167},53,0.9656000137329102,0.11193642765283585,0.9765625,0.049599915742874146,24804,0.9836488366127014,0.04731018468737602,False,0.9,0.999,translateW,16,translateH_and_or_W,downsampled_mnist,0,3,60000,True,128,-1,True,True,0,4,0.001,931
137,curious-sweep-63,470.7599995136261,11726,1715607321.3145075,{'runtime': 469},25,0.9519000053405762,0.15039540827274325,0.96875,0.07221189886331558,11700,0.96145498752594,0.12005408853292464,False,0.9,0.999,translateW,16,translateH_and_or_W,downsampled_mnist,0,3,60000,True,128,-1,True,True,0,4,0.001,343
138,glad-sweep-62,379.2916359901428,7973,1715606797.4297,{'runtime': 378},17,0.9261999726295472,0.22984527051448825,0.96875,0.14700306951999664,7956,0.9359225034713744,0.2087652683258057,False,0.9,0.999,translateW,16,translateH_and_or_W,downsampled_mnist,0,3,60000,True,128,-1,True,True,0,4,0.001,147
139,treasured-sweep-61,376.68974447250366,9850,1715606835.7537556,{'runtime': 375},21,0.8780999779701233,0.3841414451599121,0.90625,0.2745574116706848,9828,0.8905248641967773,0.34761425852775574,False,0.9,0.999,translateW,16,translateH_and_or_W,downsampled_mnist,0,3,60000,True,128,-1,True,True,0,4,0.001,49
140,dutiful-sweep-60,604.840842962265,12663,1715606403.870959,{'runtime': 603},27,0.9635000228881836,0.12298453599214554,0.9453125,0.20743106305599213,12636,0.971036970615387,0.08852075040340424,False,0.9,0.999,translateW,15,translateH_and_or_W,downsampled_mnist,0,3,60000,True,128,-1,True,True,0,4,0.001,931
141,honest-sweep-59,756.5936417579651,19699,1715606441.0859797,{'runtime': 755},42,0.9593999981880188,0.12790217995643616,0.96875,0.06875426322221756,19656,0.9686247706413268,0.09267497062683104,False,0.9,0.999,translateW,15,translateH_and_or_W,downsampled_mnist,0,3,60000,True,128,-1,True,True,0,4,0.001,343
142,devout-sweep-58,127.66662359237672,3284,1715605669.1530046,{'runtime': 126},7,0.904699981212616,0.2936049997806549,0.9296875,0.16270257532596588,3276,0.9123013615608216,0.28956297039985657,False,0.9,0.999,translateW,15,translateH_and_or_W,downsampled_mnist,0,3,60000,True,128,-1,True,True,0,4,0.001,147
143,dauntless-sweep-57,816.875973701477,17353,1715605784.9254737,{'runtime': 815},37,0.8949000239372253,0.3236086070537567,0.8984375,0.3007020950317383,17316,0.9078274965286256,0.30402421951293945,False,0.9,0.999,translateW,15,translateH_and_or_W,downsampled_mnist,0,3,60000,True,128,-1,True,True,0,4,0.001,49
144,prime-sweep-56,456.58012199401855,11726,1715605525.719112,{'runtime': 455},25,0.958400011062622,0.1305798590183258,0.953125,0.12520134449005127,11700,0.9704694151878356,0.09008656442165376,False,0.9,0.999,translateW,14,translateH_and_or_W,downsampled_mnist,0,3,60000,True,128,-1,True,True,0,4,0.001,931
145,royal-sweep-55,246.13196849823,6098,1715605055.7184677,{'runtime': 245},13,0.9416000247001648,0.17167745530605316,0.9609375,0.09625711292028429,6084,0.95209002494812,0.14728794991970062,False,0.9,0.999,translateW,14,translateH_and_or_W,downsampled_mnist,0,3,60000,True,128,-1,True,True,0,4,0.001,343
146,devoted-sweep-54,622.704559803009,13132,1715604949.9859817,{'runtime': 621},28,0.9427000284194946,0.1842428892850876,0.9765625,0.08131429553031921,13104,0.9493188858032228,0.15161126852035522,False,0.9,0.999,translateW,14,translateH_and_or_W,downsampled_mnist,0,3,60000,True,128,-1,True,True,0,4,0.001,147
147,glorious-sweep-53,619.6494672298431,13132,1715604311.2044852,{'runtime': 618},28,0.8910999894142151,0.34239235520362854,0.8984375,0.24803242087364197,13104,0.9006744027137756,0.3222094476222992,False,0.9,0.999,translateW,14,translateH_and_or_W,downsampled_mnist,0,3,60000,True,128,-1,True,True,0,4,0.001,49
148,confused-sweep-52,834.7637972831726,21106,1715604791.884653,{'runtime': 833},45,0.9657999873161316,0.11621755361557008,0.96875,0.07688795030117035,21060,0.9790831804275512,0.06186212971806526,False,0.9,0.999,translateW,13,translateH_and_or_W,downsampled_mnist,0,3,60000,True,128,-1,True,True,0,4,0.001,931
149,woven-sweep-51,421.2621042728424,10788,1715603941.8151493,{'runtime': 420},23,0.9519000053405762,0.15193824470043182,0.96875,0.08234306424856186,10764,0.9595519304275512,0.12852390110492706,False,0.9,0.999,translateW,13,translateH_and_or_W,downsampled_mnist,0,3,60000,True,128,-1,True,True,0,4,0.001,343
150,worthy-sweep-50,656.7896330356598,14070,1715603675.182138,{'runtime': 655},30,0.9409999847412108,0.16965262591838837,0.9765625,0.10746441781520844,14040,0.9529079794883728,0.14579786360263824,False,0.9,0.999,translateW,13,translateH_and_or_W,downsampled_mnist,0,3,60000,True,128,-1,True,True,0,4,0.001,147
151,woven-sweep-49,528.5082631111145,13602,1715603503.7557342,{'runtime': 527},29,0.909500002861023,0.2816123068332672,0.90625,0.25795865058898926,13572,0.915681779384613,0.2665506601333618,False,0.9,0.999,translateW,13,translateH_and_or_W,downsampled_mnist,0,3,60000,True,128,-1,True,True,0,4,0.001,49
152,hardy-sweep-48,602.7759501934052,12663,1715603001.7857792,{'runtime': 601},27,0.9631999731063844,0.11407533288002014,0.953125,0.14177006483078003,12636,0.9714710116386414,0.08338043838739395,False,0.9,0.999,translateW,12,translateH_and_or_W,downsampled_mnist,0,3,60000,True,128,-1,True,True,0,4,0.001,931
153,kind-sweep-47,375.29592967033386,9850,1715602959.1386366,{'runtime': 373},21,0.9532999992370604,0.142949178814888,0.9453125,0.12137582153081894,9828,0.9593600034713744,0.1241052746772766,False,0.9,0.999,translateW,12,translateH_and_or_W,downsampled_mnist,0,3,60000,True,128,-1,True,True,0,4,0.001,343
154,confused-sweep-46,489.5877215862274,10318,1715602385.3494697,{'runtime': 488},22,0.940500020980835,0.18938033282756803,0.9453125,0.13571791350841522,10296,0.947190523147583,0.16620856523513794,False,0.9,0.999,translateW,12,translateH_and_or_W,downsampled_mnist,0,3,60000,True,128,-1,True,True,0,4,0.001,147
155,pretty-sweep-45,544.1741766929626,13602,1715602566.2112856,{'runtime': 543},29,0.9128999710083008,0.27088814973831177,0.9453125,0.18697227537631989,13572,0.9164830446243286,0.26033398509025574,False,0.9,0.999,translateW,12,translateH_and_or_W,downsampled_mnist,0,3,60000,True,128,-1,True,True,0,4,0.001,49
156,visionary-sweep-44,490.72989153862,10318,1715601883.0389106,{'runtime': 489},22,0.96069997549057,0.12221303582191469,0.984375,0.10149792581796646,10296,0.9682658910751344,0.09451252967119216,False,0.9,0.999,translateW,11,translateH_and_or_W,downsampled_mnist,0,3,60000,True,128,-1,True,True,0,4,0.001,931
157,spring-sweep-43,648.931806564331,16416,1715602008.2585475,{'runtime': 647},35,0.9591000080108644,0.125096395611763,0.9609375,0.12704911828041077,16380,0.9662209749221802,0.10116735845804214,False,0.9,0.999,translateW,11,translateH_and_or_W,downsampled_mnist,0,3,60000,True,128,-1,True,True,0,4,0.001,343
158,apricot-sweep-42,357.3084270954132,7504,1715601373.6097791,{'runtime': 354},16,0.939300000667572,0.1962316781282425,0.9296875,0.1907319575548172,7488,0.9412476420402528,0.1847969591617584,False,0.9,0.999,translateW,11,translateH_and_or_W,downsampled_mnist,0,3,60000,True,128,-1,True,True,0,4,0.001,147
159,glamorous-sweep-41,429.3861713409424,10788,1715601344.0383985,{'runtime': 428},23,0.8729000091552734,0.3933510482311249,0.9296875,0.23763225972652435,10764,0.8778879642486572,0.3901732265949249,False,0.9,0.999,translateW,11,translateH_and_or_W,downsampled_mnist,0,3,60000,True,128,-1,True,True,0,4,0.001,49
160,prime-sweep-40,275.9007053375244,7036,1715600897.6947494,{'runtime': 274},15,0.9521999955177308,0.14466506242752075,0.9921875,0.08268697559833527,7020,0.9619808197021484,0.1191082000732422,False,0.9,0.999,translateW,10,translateH_and_or_W,downsampled_mnist,0,3,60000,True,128,-1,True,True,0,4,0.001,931
161,blooming-sweep-39,688.3865797519684,14539,1715601000.6007898,{'runtime': 686},31,0.951200008392334,0.15560801327228546,0.9609375,0.18532094359397888,14508,0.9631410241127014,0.11116203665733336,False,0.9,0.999,translateW,10,translateH_and_or_W,downsampled_mnist,0,3,60000,True,128,-1,True,True,0,4,0.001,343
162,copper-sweep-38,333.63428378105164,7035,1715600296.2616718,{'runtime': 332},15,0.9212999939918518,0.24358171224594116,0.9375,0.20129065215587616,7020,0.9316155910491944,0.21909727156162265,False,0.9,0.999,translateW,10,translateH_and_or_W,downsampled_mnist,0,3,60000,True,128,-1,True,True,0,4,0.001,147
163,morning-sweep-37,380.5695526599884,9850,1715600605.4809418,{'runtime': 379},21,0.8841000199317932,0.3753957152366638,0.9453125,0.23167771100997925,9828,0.8902076482772827,0.346302330493927,False,0.9,0.999,translateW,10,translateH_and_or_W,downsampled_mnist,0,3,60000,True,128,-1,True,True,0,4,0.001,49
164,absurd-sweep-36,426.79377269744873,8911,1715599944.6624336,{'runtime': 425},19,0.9589999914169312,0.12773838639259338,0.9609375,0.10611370205879211,8892,0.9664546847343444,0.10197994858026505,False,0.9,0.999,translateW,9,translateH_and_or_W,downsampled_mnist,0,3,60000,True,128,-1,True,True,0,4,0.001,931
165,driven-sweep-35,458.4153599739074,11726,1715600206.713263,{'runtime': 457},25,0.9563999772071838,0.14001046121120453,0.9453125,0.12971755862236023,11700,0.960770547389984,0.11655813455581664,False,0.9,0.999,translateW,9,translateH_and_or_W,downsampled_mnist,0,3,60000,True,128,-1,True,True,0,4,0.001,343
166,desert-sweep-34,238.34593081474304,6098,1715599732.4078028,{'runtime': 237},13,0.930899977684021,0.22332358360290527,0.9453125,0.1962221562862396,6084,0.9331430196762084,0.2065020501613617,False,0.9,0.999,translateW,9,translateH_and_or_W,downsampled_mnist,0,3,60000,True,128,-1,True,True,0,4,0.001,147
167,quiet-sweep-33,489.9885399341583,10318,1715599499.378676,{'runtime': 488},22,0.8944000005722046,0.32836583256721497,0.890625,0.3431759476661682,10296,0.8992637991905212,0.3115871250629425,False,0.9,0.999,translateW,9,translateH_and_or_W,downsampled_mnist,0,3,60000,True,128,-1,True,True,0,4,0.001,49
168,driven-sweep-32,480.442049741745,11726,1715599476.5873446,{'runtime': 479},25,0.9641000032424928,0.11043016612529756,0.96875,0.05057856440544128,11700,0.9709952473640442,0.08647062629461288,False,0.9,0.999,translateW,8,translateH_and_or_W,downsampled_mnist,0,3,60000,True,128,-1,True,True,0,4,0.001,931
169,serene-sweep-31,753.5249559879303,15946,1715598991.786467,{'runtime': 752},34,0.9592999815940856,0.12585371732711792,0.96875,0.07110433280467987,15912,0.9664045572280884,0.1005394160747528,False,0.9,0.999,translateW,8,translateH_and_or_W,downsampled_mnist,0,3,60000,True,128,-1,True,True,0,4,0.001,343
170,hardy-sweep-30,708.3762829303741,18292,1715598978.234158,{'runtime': 707},39,0.9455999732017516,0.16592532396316528,0.96875,0.0924062803387642,18252,0.950545847415924,0.15452559292316437,False,0.9,0.999,translateW,8,translateH_and_or_W,downsampled_mnist,0,3,60000,True,128,-1,True,True,0,4,0.001,147
171,devoted-sweep-29,508.9443044662475,12664,1715598254.3405774,{'runtime': 507},27,0.9132999777793884,0.26530107855796814,0.90625,0.2197214961051941,12636,0.917326033115387,0.2536044120788574,False,0.9,0.999,translateW,8,translateH_and_or_W,downsampled_mnist,0,3,60000,True,128,-1,True,True,0,4,0.001,49
172,easy-sweep-28,1024.7441489696505,21574,1715598220.724656,{'runtime': 1023},46,0.963800013065338,0.11334364116191864,0.984375,0.029199084267020226,21528,0.97825688123703,0.06776393204927444,False,0.9,0.999,translateW,7,translateH_and_or_W,downsampled_mnist,0,3,60000,True,128,-1,True,True,0,4,0.001,931
173,effortless-sweep-27,378.0603210926056,9850,1715597731.429749,{'runtime': 376},21,0.9539999961853028,0.13927166163921356,0.9140625,0.23856598138809204,9828,0.9587339758872986,0.12767980992794037,False,0.9,0.999,translateW,7,translateH_and_or_W,downsampled_mnist,0,3,60000,True,128,-1,True,True,0,4,0.001,343
174,celestial-sweep-26,590.1630387306213,14540,1715597340.0490158,{'runtime': 589},31,0.944700002670288,0.17055195569992063,0.9375,0.15266989171504974,14508,0.949661135673523,0.15695765614509585,False,0.9,0.999,translateW,7,translateH_and_or_W,downsampled_mnist,0,3,60000,True,128,-1,True,True,0,4,0.001,147
175,pleasant-sweep-25,1080.7015211582184,22981,1715597181.2387412,{'runtime': 1079},49,0.9192000031471252,0.24499653279781344,0.9140625,0.2913283109664917,22932,0.9221504330635072,0.23797239363193512,False,0.9,0.999,translateW,7,translateH_and_or_W,downsampled_mnist,0,3,60000,True,128,-1,True,True,0,4,0.001,49
176,woven-sweep-24,459.80896735191345,11257,1715596737.0503085,{'runtime': 458},24,0.964900016784668,0.10808326303958891,0.984375,0.05642852187156677,11232,0.97064471244812,0.08346044272184372,False,0.9,0.999,translateW,6,translateH_and_or_W,downsampled_mnist,0,3,60000,True,128,-1,True,True,0,4,0.001,931
177,splendid-sweep-23,605.0320971012115,12663,1715596085.0032022,{'runtime': 603},27,0.9563000202178956,0.13254046440124512,0.96875,0.07681438326835632,12636,0.96263188123703,0.11313896626234056,False,0.9,0.999,translateW,6,translateH_and_or_W,downsampled_mnist,0,3,60000,True,128,-1,True,True,0,4,0.001,343
178,bright-sweep-22,645.362254858017,16416,1715596264.444125,{'runtime': 644},35,0.948099970817566,0.16123037040233612,0.96875,0.1498093605041504,16380,0.9480919241905212,0.15337274968624115,False,0.9,0.999,translateW,6,translateH_and_or_W,downsampled_mnist,0,3,60000,True,128,-1,True,True,0,4,0.001,147
179,electric-sweep-21,269.3620562553406,5628,1715595463.2834122,{'runtime': 267},12,0.8300999999046326,0.5220379829406738,0.8984375,0.3362610638141632,5616,0.8436331748962402,0.5316135287284851,False,0.9,0.999,translateW,6,translateH_and_or_W,downsampled_mnist,0,3,60000,True,128,-1,True,True,0,4,0.001,49
180,radiant-sweep-20,426.4196364879608,8911,1715595175.9593406,{'runtime': 425},19,0.960200011730194,0.12264932692050934,0.9453125,0.15540488064289093,8892,0.9663711786270142,0.10084821283817293,False,0.9,0.999,translateW,5,translateH_and_or_W,downsampled_mnist,0,3,60000,True,128,-1,True,True,0,4,0.001,931
181,floral-sweep-19,679.3821923732758,17354,1715595604.4304264,{'runtime': 678},37,0.9609000086784364,0.1245994046330452,0.9765625,0.05753253400325775,17316,0.9678401947021484,0.09589117020368576,False,0.9,0.999,translateW,5,translateH_and_or_W,downsampled_mnist,0,3,60000,True,128,-1,True,True,0,4,0.001,343
182,tough-sweep-18,379.067036151886,9850,1715594912.4299345,{'runtime': 377},21,0.9341999888420104,0.20234493911266327,0.921875,0.2168913185596466,9828,0.9403212070465088,0.1899745017290115,False,0.9,0.999,translateW,5,translateH_and_or_W,downsampled_mnist,0,3,60000,True,128,-1,True,True,0,4,0.001,147
183,wise-sweep-17,814.9709787368774,17353,1715594733.5539696,{'runtime': 813},37,0.9239000082015992,0.231046125292778,0.9375,0.1671031415462494,17316,0.927901327610016,0.22079363465309143,False,0.9,0.999,translateW,5,translateH_and_or_W,downsampled_mnist,0,3,60000,True,128,-1,True,True,0,4,0.001,49
184,toasty-sweep-16,477.1980211734772,11726,1715594517.9781792,{'runtime': 476},25,0.964299976825714,0.11558571457862854,0.9765625,0.05810797959566116,11700,0.9696013331413268,0.09272810071706772,False,0.9,0.999,translateW,4,translateH_and_or_W,downsampled_mnist,0,3,60000,True,128,-1,True,True,0,4,0.001,931
185,icy-sweep-15,436.2605092525482,11257,1715594027.0048373,{'runtime': 435},24,0.9538000226020812,0.143331840634346,0.9921875,0.06765227019786835,11232,0.9605786204338074,0.12154434621334076,False,0.9,0.999,translateW,4,translateH_and_or_W,downsampled_mnist,0,3,60000,True,128,-1,True,True,0,4,0.001,343
186,solar-sweep-14,618.3711383342743,13132,1715593901.6580565,{'runtime': 617},28,0.9459999799728394,0.17200715839862823,0.953125,0.16230057179927826,13104,0.9483590126037598,0.15644487738609314,False,0.9,0.999,translateW,4,translateH_and_or_W,downsampled_mnist,0,3,60000,True,128,-1,True,True,0,4,0.001,147
187,rose-sweep-13,928.0897002220154,24389,1715593575.2647245,{'runtime': 926},52,0.9244999885559082,0.22976471483707428,0.9296875,0.24581311643123627,24336,0.9307725429534912,0.208878293633461,False,0.9,0.999,translateW,4,translateH_and_or_W,downsampled_mnist,0,3,60000,True,128,-1,True,True,0,4,0.001,49
188,morning-sweep-12,913.6420965194702,19229,1715593265.2608137,{'runtime': 912},41,0.9657999873161316,0.10985177010297777,0.9921875,0.02836090885102749,19188,0.9777644276618958,0.06669612973928452,False,0.9,0.999,translateW,3,translateH_and_or_W,downsampled_mnist,0,3,60000,True,128,-1,True,True,0,4,0.001,931
189,ancient-sweep-11,203.875604391098,5160,1715592633.9558864,{'runtime': 202},11,0.940400004386902,0.18050691485404968,0.9375,0.19833166897296903,5148,0.9466897249221802,0.16399848461151123,False,0.9,0.999,translateW,3,translateH_and_or_W,downsampled_mnist,0,3,60000,True,128,-1,True,True,0,4,0.001,343
190,curious-sweep-10,436.04070234298706,11257,1715592415.9651914,{'runtime': 434},24,0.9350000023841858,0.2133507877588272,0.9140625,0.2529713809490204,11232,0.9387269616127014,0.19617320597171783,False,0.9,0.999,translateW,3,translateH_and_or_W,downsampled_mnist,0,3,60000,True,128,-1,True,True,0,4,0.001,147
191,gentle-sweep-9,664.9536583423615,14070,1715592333.6079233,{'runtime': 663},30,0.9024999737739564,0.3118627071380615,0.875,0.3893303871154785,14040,0.9040214419364928,0.30119380354881287,False,0.9,0.999,translateW,3,translateH_and_or_W,downsampled_mnist,0,3,60000,True,128,-1,True,True,0,4,0.001,49
192,volcanic-sweep-8,605.1981749534607,15478,1715591965.48124,{'runtime': 604},33,0.9653000235557556,0.11536674946546556,0.953125,0.10940369963645936,15444,0.974517583847046,0.07531643658876419,False,0.9,0.999,translateW,2,translateH_and_or_W,downsampled_mnist,0,3,60000,True,128,-1,True,True,0,4,0.001,931
193,bright-sweep-7,732.5463528633118,15477,1715591648.279327,{'runtime': 731},33,0.9574000239372252,0.1285649538040161,0.953125,0.15407322347164154,15444,0.966187596321106,0.09967485070228577,False,0.9,0.999,translateW,2,translateH_and_or_W,downsampled_mnist,0,3,60000,True,128,-1,True,True,0,4,0.001,343
194,balmy-sweep-6,278.3260931968689,7036,1715591347.5282545,{'runtime': 277},15,0.9261000156402588,0.22456437349319455,0.9609375,0.18508698046207428,7020,0.9337022304534912,0.20912864804267883,False,0.9,0.999,translateW,2,translateH_and_or_W,downsampled_mnist,0,3,60000,True,128,-1,True,True,0,4,0.001,147
195,revived-sweep-5,573.0953302383423,14540,1715591052.9357042,{'runtime': 571},31,0.9175999760627748,0.2663843333721161,0.890625,0.3064577877521515,14508,0.9173761606216432,0.2540695369243622,False,0.9,0.999,translateW,2,translateH_and_or_W,downsampled_mnist,0,3,60000,True,128,-1,True,True,0,4,0.001,49
196,graceful-sweep-4,842.792858839035,17822,1715590901.5850458,{'runtime': 841},38,0.965399980545044,0.11092817038297652,0.984375,0.052496302872896194,17784,0.9768379330635072,0.06874588876962662,False,0.9,0.999,translateW,1,translateH_and_or_W,downsampled_mnist,0,3,60000,True,128,-1,True,True,0,4,0.001,931
197,rose-sweep-3,712.4706835746765,18292,1715590466.7339566,{'runtime': 711},39,0.9578999876976012,0.13293731212615967,1.0,0.022828375920653343,18252,0.968416154384613,0.09570395946502686,False,0.9,0.999,translateW,1,translateH_and_or_W,downsampled_mnist,0,3,60000,True,128,-1,True,True,0,4,0.001,343
198,classic-sweep-2,858.7258954048157,18291,1715590044.3846064,{'runtime': 860},39,0.9514999985694884,0.15304730832576752,0.9609375,0.1106705442070961,18252,0.9609041213989258,0.11580229550600052,False,0.9,0.999,translateW,1,translateH_and_or_W,downsampled_mnist,0,3,60000,True,128,-1,True,True,0,4,0.001,147
199,fresh-sweep-1,330.2180390357971,8443,1715589736.844261,{'runtime': 334},18,0.8896999955177307,0.3452996015548706,0.9375,0.1985771656036377,8424,0.8950153589248657,0.3276592195034027,False,0.9,0.999,translateW,1,translateH_and_or_W,downsampled_mnist,0,3,60000,True,128,-1,True,True,0,4,0.001,49
